gameid,datacompleteness,url,league,year,split,playoffs,date,game,patch,participantid,side,position,playername,playerid,teamname,teamid,champion,ban1,ban2,ban3,ban4,ban5,pick1,pick2,pick3,pick4,pick5,gamelength,result,kills,deaths,assists,teamkills,teamdeaths,doublekills,triplekills,quadrakills,pentakills,firstblood,firstbloodkill,firstbloodassist,firstbloodvictim,team kpm,ckpm,firstdragon,dragons,opp_dragons,elementaldrakes,opp_elementaldrakes,infernals,mountains,clouds,oceans,chemtechs,hextechs,dragons (type unknown),elders,opp_elders,firstherald,heralds,opp_heralds,void_grubs,opp_void_grubs,firstbaron,barons,opp_barons,atakhans,opp_atakhans,firsttower,towers,opp_towers,firstmidtower,firsttothreetowers,turretplates,opp_turretplates,inhibitors,opp_inhibitors,damagetochampions,dpm,damageshare,damagetakenperminute,damagemitigatedperminute,wardsplaced,wpm,wardskilled,wcpm,controlwardsbought,visionscore,vspm,totalgold,earnedgold,earned gpm,earnedgoldshare,goldspent,gspd,gpr,total cs,minionkills,monsterkills,monsterkillsownjungle,monsterkillsenemyjungle,cspm,goldat10,xpat10,csat10,opp_goldat10,opp_xpat10,opp_csat10,golddiffat10,xpdiffat10,csdiffat10,killsat10,assistsat10,deathsat10,opp_killsat10,opp_assistsat10,opp_deathsat10,goldat15,xpat15,csat15,opp_goldat15,opp_xpat15,opp_csat15,golddiffat15,xpdiffat15,csdiffat15,killsat15,assistsat15,deathsat15,opp_killsat15,opp_assistsat15,opp_deathsat15,goldat20,xpat20,csat20,opp_goldat20,opp_xpat20,opp_csat20,golddiffat20,xpdiffat20,csdiffat20,killsat20,assistsat20,deathsat20,opp_killsat20,opp_assistsat20,opp_deathsat20,goldat25,xpat25,csat25,opp_goldat25,opp_xpat25,opp_csat25,golddiffat25,xpdiffat25,csdiffat25,killsat25,assistsat25,deathsat25,opp_killsat25,opp_assistsat25,opp_deathsat25
ESPORTSTMNT01/1325195,partial,http://matchhistory.na.leagueoflegends.com/en/#match-details/ESPORTSTMNT01/1325195?gameHash=148629fab8f2b383,LCK,2020,Spring,0,2020-03-26 09:05:16,2,10.05,1,Blue,top,ikssu,oe:player:97e9a3eb84113179c74c87e035d52c8,SeolHaeOne Prince,oe:team:c228d8939c704a1d5ac0e3d49477cc4,Ornn,Sett,LeBlanc,Kalista,Braum,Renekton,,,,,,1867,0,4,4,6,13,23,0.0,0.0,0.0,0.0,0.0,0.0,0.0,0.0,0.4178,1.1569,,,,,,,,,,,,,,,,,,,,,,,,,,,,,,,,0.0,0.0,11322.0,363.8565,0.194352,755.1259,724.5635,15.0,0.4821,1.0,0.0321,6.0,20.0,0.6427,9722,5638.0,181.1891,0.169278,9670.0,,,161.0,157.0,4.0,1.0,0.0,5.1741,3219.0,4226.0,65.0,3279.0,4238.0,45.0,-60.0,-12.0,20.0,1.0,1.0,0.0,2.0,1.0,1.0,,,,,,,,,,,,,,,,,,,,,,,,,,,,,,,,,,,,,,,,,,,,,
ESPORTSTMNT01/1325195,partial,http://matchhistory.na.leagueoflegends.com/en/#match-details/ESPORTSTMNT01/1325195?gameHash=148629fab8f2b383,LCK,2020,Spring,0,2020-03-26 09:05:16,2,10.05,2,Blue,jng,Flawless,oe:player:f539873281c1c0bc463c393e24c583e,SeolHaeOne Prince,oe:team:c228d8939c704a1d5ac0e3d49477cc4,Elise,Sett,LeBlanc,Kalista,Braum,Renekton,,,,,,1867,0,1,5,8,13,23,0.0,0.0,0.0,0.0,0.0,0.0,0.0,0.0,0.4178,1.1569,,,,,,,,,,,,,,,,,,,,,,,,,,,,,,,,0.0,0.0,11445.0,367.8093,0.196464,673.369,250.541,42.0,1.3498,22.0,0.707,13.0,85.0,2.7317,9343,5259.0,169.0091,0.157898,8825.0,,,154.0,28.0,126.0,74.0,5.0,4.9491,2871.0,2955.0,50.0,3279.0,3408.0,56.0,-408.0,-453.0,-6.0,0.0,2.0,1.0,1.0,1.0,1.0,,,,,,,,,,,,,,,,,,,,,,,,,,,,,,,,,,,,,,,,,,,,,
ESPORTSTMNT01/1325195,partial,http://matchhistory.na.leagueoflegends.com/en/#match-details/ESPORTSTMNT01/1325195?gameHash=148629fab8f2b383,LCK,2020,Spring,0,2020-03-26 09:05:16,2,10.05,3,Blue,mid,Cover,oe:player:c795dfff10a7c952f4c5438951e9ece,SeolHaeOne Prince,oe:team:c228d8939c704a1d5ac0e3d49477cc4,Irelia,Sett,LeBlanc,Kalista,Braum,Renekton,,,,,,1867,0,1,5,8,13,23,0.0,0.0,0.0,0.0,0.0,0.0,0.0,1.0,0.4178,1.1569,,,,,,,,,,,,,,,,,,,,,,,,,,,,,,,,0.0,1.0,11924.0,383.203,0.204686,615.1687,434.2046,8.0,0.2571,5.0,0.1607,4.0,24.0,0.7713,12393,8309.0,267.0273,0.249477,12250.0,,,281.0,258.0,23.0,12.0,7.0,9.0305,3660.0,4450.0,86.0,3635.0,4696.0,98.0,25.0,-246.0,-12.0,1.0,1.0,2.0,0.0,0.0,0.0,,,,,,,,,,,,,,,,,,,,,,,,,,,,,,,,,,,,,,,,,,,,,
ESPORTSTMNT01/1325195,partial,http://matchhistory.na.leagueoflegends.com/en/#match-details/ESPORTSTMNT01/1325195?gameHash=148629fab8f2b383,LCK,2020,Spring,0,2020-03-26 09:05:16,2,10.05,4,Blue,bot,HyBriD,oe:player:d4236a5c6d033d0388ab042acd884f1,SeolHaeOne Prince,oe:team:c228d8939c704a1d5ac0e3d49477cc4,Kai'Sa,Sett,LeBlanc,Kalista,Braum,Renekton,,,,,,1867,0,7,3,3,13,23,1.0,0.0,0.0,0.0,0.0,0.0,0.0,0.0,0.4178,1.1569,,,,,,,,,,,,,,,,,,,,,,,,,,,,,,,,0.0,0.0,20288.0,651.9979,0.348262,457.9218,230.5517,9.0,0.2892,10.0,0.3214,3.0,32.0,1.0284,15589,11505.0,369.7375,0.345439,14425.0,,,320.0,285.0,35.0,31.0,0.0,10.2839,3448.0,3570.0,94.0,3263.0,3341.0,91.0,185.0,229.0,3.0,0.0,0.0,0.0,0.0,0.0,0.0,,,,,,,,,,,,,,,,,,,,,,,,,,,,,,,,,,,,,,,,,,,,,
ESPORTSTMNT01/1325195,partial,http://matchhistory.na.leagueoflegends.com/en/#match-details/ESPORTSTMNT01/1325195?gameHash=148629fab8f2b383,LCK,2020,Spring,0,2020-03-26 09:05:16,2,10.05,5,Blue,sup,Secret,oe:player:1e6947ac7fb3a9529a9726eb692c8cc,SeolHaeOne Prince,oe:team:c228d8939c704a1d5ac0e3d49477cc4,Nautilus,Sett,LeBlanc,Kalista,Braum,Renekton,,,,,,1867,0,0,6,8,13,23,0.0,0.0,0.0,0.0,0.0,0.0,0.0,0.0,0.4178,1.1569,,,,,,,,,,,,,,,,,,,,,,,,,,,,,,,,0.0,0.0,3276.0,105.2812,0.0562355,602.0246,810.4017,52.0,1.6711,16.0,0.5142,14.0,84.0,2.6995,6679,2595.0,83.3958,0.0779088,6350.0,,,37.0,37.0,0.0,0.0,0.0,1.1891,2187.0,2318.0,12.0,2093.0,2645.0,16.0,94.0,-327.0,-4.0,0.0,2.0,0.0,0.0,0.0,0.0,,,,,,,,,,,,,,,,,,,,,,,,,,,,,,,,,,,,,,,,,,,,,
ESPORTSTMNT01/1325195,partial,http://matchhistory.na.leagueoflegends.com/en/#match-details/ESPORTSTMNT01/1325195?gameHash=148629fab8f2b383,LCK,2020,Spring,0,2020-03-26 09:05:16,2,10.05,6,Red,top,Canna,oe:player:7577c239c73fa5f3011cd7b5503e75e,T1,oe:team:ce499dea30cfce118f4fe85da0227e8,Sylas,Aphelios,Senna,Varus,Kindred,Qiyana,,,,,,1867,1,8,4,6,23,13,1.0,0.0,0.0,0.0,1.0,0.0,1.0,0.0,0.7392,1.1569,,,,,,,,,,,,,,,,,,,,,,,,,,,,,,,,0.0,0.0,17288.0,555.5865,0.232541,860.2785,665.7847,16.0,0.5142,8.0,0.2571,6.0,34.0,1.0927,12206,8122.0,261.0177,0.200405,11500.0,,,158.0,150.0,8.0,4.0,4.0,5.0777,3279.0,4238.0,45.0,3219.0,4226.0,65.0,60.0,12.0,-20.0,2.0,1.0,1.0,1.0,1.0,0.0,,,,,,,,,,,,,,,,,,,,,,,,,,,,,,,,,,,,,,,,,,,,,
ESPORTSTMNT01/1325195,partial,http://matchhistory.na.leagueoflegends.com/en/#match-details/ESPORTSTMNT01/1325195?gameHash=148629fab8f2b383,LCK,2020,Spring,0,2020-03-26 09:05:16,2,10.05,7,Red,jng,Ellim,oe:player:579ae2e0addc18db74179b2a3d33294,T1,oe:team:ce499dea30cfce118f4fe85da0227e8,Trundle,Aphelios,Senna,Varus,Kindred,Qiyana,,,,,,1867,1,2,3,14,23,13,0.0,0.0,0.0,0.0,1.0,1.0,0.0,0.0,0.7392,1.1569,,,,,,,,,,,,,,,,,,,,,,,,,,,,,,,,0.0,0.0,6242.0,200.5999,0.083961,925.0991,896.3364,14.0,0.4499,11.0,0.3535,13.0,41.0,1.3176,10313,6229.0,200.1821,0.153695,9425.0,,,131.0,22.0,109.0,77.0,7.0,4.21,3279.0,3408.0,56.0,2871.0,2955.0,50.0,408.0,453.0,6.0,1.0,1.0,1.0,0.0,2.0,1.0,,,,,,,,,,,,,,,,,,,,,,,,,,,,,,,,,,,,,,,,,,,,,
ESPORTSTMNT01/1325195,partial,http://matchhistory.na.leagueoflegends.com/en/#match-details/ESPORTSTMNT01/1325195?gameHash=148629fab8f2b383,LCK,2020,Spring,0,2020-03-26 09:05:16,2,10.05,8,Red,mid,Faker,oe:player:e1edfc5cea461399a63cb813cf795cc,T1,oe:team:ce499dea30cfce118f4fe85da0227e8,Azir,Aphelios,Senna,Varus,Kindred,Qiyana,,,,,,1867,1,5,2,11,23,13,0.0,0.0,0.0,0.0,0.0,0.0,0.0,0.0,0.7392,1.1569,,,,,,,,,,,,,,,,,,,,,,,,,,,,,,,,1.0,0.0,29950.0,962.5067,0.402857,354.376,273.6154,12.0,0.3856,7.0,0.225,2.0,27.0,0.8677,15089,11005.0,353.669,0.271543,13850.0,,,287.0,239.0,48.0,27.0,7.0,9.2234,3635.0,4696.0,98.0,3660.0,4450.0,86.0,-25.0,246.0,12.0,0.0,0.0,0.0,1.0,1.0,2.0,,,,,,,,,,,,,,,,,,,,,,,,,,,,,,,,,,,,,,,,,,,,,
ESPORTSTMNT01/1325195,partial,http://matchhistory.na.leagueoflegends.com/en/#match-details/ESPORTSTMNT01/1325195?gameHash=148629fab8f2b383,LCK,2020,Spring,0,2020-03-26 09:05:16,2,10.05,9,Red,bot,Teddy,oe:player:2b5fa564a1259b97bc238fbfa719b07,T1,oe:team:ce499dea30cfce118f4fe85da0227e8,Miss Fortune,Aphelios,Senna,Varus,Kindred,Qiyana,,,,,,1867,1,8,1,6,23,13,3.0,0.0,0.0,0.0,0.0,0.0,0.0,0.0,0.7392,1.1569,,,,,,,,,,,,,,,,,,,,,,,,,,,,,,,,0.0,0.0,19315.0,620.7284,0.259806,163.5137,319.925,13.0,0.4178,10.0,0.3214,3.0,43.0,1.3819,15346,11262.0,361.9282,0.277885,13475.0,,,319.0,283.0,36.0,21.0,4.0,10.2517,3263.0,3341.0,91.0,3448.0,3570.0,94.0,-185.0,-229.0,-3.0,0.0,0.0,0.0,0.0,0.0,0.0,,,,,,,,,,,,,,,,,,,,,,,,,,,,,,,,,,,,,,,,,,,,,
ESPORTSTMNT01/1325195,partial,http://matchhistory.na.leagueoflegends.com/en/#match-details/ESPORTSTMNT01/1325195?gameHash=148629fab8f2b383,LCK,2020,Spring,0,2020-03-26 09:05:16,2,10.05,10,Red,sup,Effort,oe:player:035b9ae578574cdf728d8760483d804,T1,oe:team:ce499dea30cfce118f4fe85da0227e8,Taric,Aphelios,Senna,Varus,Kindred,Qiyana,,,,,,1867,1,0,3,15,23,13,0.0,0.0,0.0,0.0,0.0,0.0,0.0,0.0,0.7392,1.1569,,,,,,,,,,,,,,,,,,,,,,,,,,,,,,,,0.0,0.0,1549.0,49.7804,0.0208356,417.3648,397.4719,54.0,1.7354,13.0,0.4178,16.0,81.0,2.6031,7994,3910.0,125.6561,0.0964729,7750.0,,,37.0,37.0,0.0,0.0,0.0,1.1891,2093.0,2645.0,16.0,2187.0,2318.0,12.0,-94.0,327.0,4.0,0.0,0.0,0.0,0.0,2.0,0.0,,,,,,,,,,,,,,,,,,,,,,,,,,,,,,,,,,,,,,,,,,,,,
ESPORTSTMNT01/1325195,partial,http://matchhistory.na.leagueoflegends.com/en/#match-details/ESPORTSTMNT01/1325195?gameHash=148629fab8f2b383,LCK,2020,Spring,0,2020-03-26 09:05:16,2,10.05,100,Blue,team,,,SeolHaeOne Prince,oe:team:c228d8939c704a1d5ac0e3d49477cc4,,Sett,LeBlanc,Kalista,Braum,Renekton,Ornn,Kai'Sa,Nautilus,Irelia,Elise,1867,0,13,23,33,13,23,1.0,0.0,0.0,0.0,0.0,,,,0.4178,1.1569,0.0,4.0,1.0,,,,,,,,,4.0,,,1.0,1.0,0.0,,,0.0,0.0,2.0,,,1.0,4.0,8.0,,0.0,,,0.0,1.0,58255.0,1872.1478,,3103.6101,2450.2625,126.0,4.0493,54.0,1.7354,40.0,245.0,7.8736,53726,33305.0,1070.3267,,51520.0,-0.0833333,-0.59,,765.0,188.0,118.0,12.0,30.6267,15385.0,17519.0,307.0,15549.0,18328.0,306.0,-164.0,-809.0,1.0,2.0,6.0,3.0,3.0,2.0,2.0,,,,,,,,,,,,,,,,,,,,,,,,,,,,,,,,,,,,,,,,,,,,,
ESPORTSTMNT01/1325195,partial,http://matchhistory.na.leagueoflegends.com/en/#match-details/ESPORTSTMNT01/1325195?gameHash=148629fab8f2b383,LCK,2020,Spring,0,2020-03-26 09:05:16,2,10.05,200,Red,team,,,T1,oe:team:ce499dea30cfce118f4fe85da0227e8,,Aphelios,Senna,Varus,Kindred,Qiyana,Sylas,Miss Fortune,Trundle,Azir,Taric,1867,1,23,13,52,23,13,4.0,0.0,0.0,0.0,1.0,,,,0.7392,1.1569,1.0,1.0,4.0,,,,,,,,,1.0,,,0.0,0.0,1.0,,,0.0,2.0,0.0,,,0.0,8.0,4.0,,0.0,,,1.0,0.0,74344.0,2389.2019,,2720.632,2553.1334,109.0,3.5029,49.0,1.5747,40.0,226.0,7.263,60948,40527.0,1302.421,,56000.0,0.0833333,0.59,,731.0,201.0,129.0,22.0,29.9518,15549.0,18328.0,306.0,15385.0,17519.0,307.0,164.0,809.0,-1.0,3.0,2.0,2.0,2.0,6.0,3.0,,,,,,,,,,,,,,,,,,,,,,,,,,,,,,,,,,,,,,,,,,,,,
ESPORTSTMNT01/1315361,partial,http://matchhistory.na.leagueoflegends.com/en/#match-details/ESPORTSTMNT01/1315361?gameHash=36c53321a0aded2f,LCK,2020,Spring,0,2020-03-27 07:34:39,1,10.05,1,Blue,top,Lonely,oe:player:39b7c8fcabea217972326ec1f441b0a,Liiv SANDBOX,oe:team:c75f1f337fc5867914749d438a4871d,Aatrox,Ornn,Varus,LeBlanc,Zoe,Kennen,,,,,,1836,0,0,6,2,4,23,0.0,0.0,0.0,0.0,0.0,0.0,0.0,0.0,0.1307,0.8824,,,,,,,,,,,,,,,,,,,,,,,,,,,,,,,,0.0,1.0,5457.0,178.3333,0.167131,721.9608,462.5163,15.0,0.4902,4.0,0.1307,8.0,28.0,0.915,8815,4794.0,156.6667,0.17563,8900.0,,,202.0,190.0,12.0,1.0,0.0,6.6013,2899.0,4113.0,67.0,3273.0,4375.0,69.0,-374.0,-262.0,-2.0,0.0,1.0,2.0,0.0,2.0,0.0,,,,,,,,,,,,,,,,,,,,,,,,,,,,,,,,,,,,,,,,,,,,,
ESPORTSTMNT01/1315361,partial,http://matchhistory.na.leagueoflegends.com/en/#match-details/ESPORTSTMNT01/1315361?gameHash=36c53321a0aded2f,LCK,2020,Spring,0,2020-03-27 07:34:39,1,10.05,2,Blue,jng,Punch,oe:player:140685b8f5c6b18ddb68c087c31ea97,Liiv SANDBOX,oe:team:c75f1f337fc5867914749d438a4871d,Elise,Ornn,Varus,LeBlanc,Zoe,Kennen,,,,,,1836,0,1,5,2,4,23,0.0,0.0,0.0,0.0,0.0,0.0,0.0,0.0,0.1307,0.8824,,,,,,,,,,,,,,,,,,,,,,,,,,,,,,,,0.0,0.0,6941.0,226.8301,0.212582,518.5948,273.4641,15.0,0.4902,18.0,0.5882,15.0,53.0,1.732,8198,4177.0,136.5033,0.153026,8175.0,,,133.0,28.0,105.0,71.0,8.0,4.3464,3191.0,2567.0,45.0,3765.0,3058.0,46.0,-574.0,-491.0,-1.0,1.0,1.0,1.0,2.0,4.0,1.0,,,,,,,,,,,,,,,,,,,,,,,,,,,,,,,,,,,,,,,,,,,,,
ESPORTSTMNT01/1315361,partial,http://matchhistory.na.leagueoflegends.com/en/#match-details/ESPORTSTMNT01/1315361?gameHash=36c53321a0aded2f,LCK,2020,Spring,0,2020-03-27 07:34:39,1,10.05,3,Blue,mid,Dove,oe:player:1d22c812efd7b8a4244d93c51acc399,Liiv SANDBOX,oe:team:c75f1f337fc5867914749d438a4871d,Azir,Ornn,Varus,LeBlanc,Zoe,Kennen,,,,,,1836,0,0,5,2,4,23,0.0,0.0,0.0,0.0,0.0,0.0,0.0,0.0,0.1307,0.8824,,,,,,,,,,,,,,,,,,,,,,,,,,,,,,,,0.0,0.0,7755.0,253.4314,0.237512,444.7386,338.5294,15.0,0.4902,9.0,0.2941,6.0,40.0,1.3072,11125,7104.0,232.1569,0.260258,10950.0,,,279.0,259.0,20.0,20.0,0.0,9.1176,3231.0,4000.0,82.0,3429.0,3997.0,74.0,-198.0,3.0,8.0,0.0,1.0,1.0,1.0,3.0,1.0,,,,,,,,,,,,,,,,,,,,,,,,,,,,,,,,,,,,,,,,,,,,,
ESPORTSTMNT01/1315361,partial,http://matchhistory.na.leagueoflegends.com/en/#match-details/ESPORTSTMNT01/1315361?gameHash=36c53321a0aded2f,LCK,2020,Spring,0,2020-03-27 07:34:39,1,10.05,4,Blue,bot,Route,oe:player:9405c3aff9112c3c60d03b94792877d,Liiv SANDBOX,oe:team:c75f1f337fc5867914749d438a4871d,Kalista,Ornn,Varus,LeBlanc,Zoe,Kennen,,,,,,1836,0,3,3,0,4,23,0.0,0.0,0.0,0.0,0.0,0.0,0.0,0.0,0.1307,0.8824,,,,,,,,,,,,,,,,,,,,,,,,,,,,,,,,0.0,0.0,11021.0,360.1634,0.337539,302.4183,420.817,15.0,0.4902,4.0,0.1307,8.0,24.0,0.7843,12796,8775.0,286.7647,0.321477,12400.0,,,299.0,265.0,34.0,34.0,0.0,9.7712,3542.0,2783.0,77.0,3771.0,3888.0,88.0,-229.0,-1105.0,-11.0,1.0,0.0,1.0,1.0,2.0,0.0,,,,,,,,,,,,,,,,,,,,,,,,,,,,,,,,,,,,,,,,,,,,,
ESPORTSTMNT01/1315361,partial,http://matchhistory.na.leagueoflegends.com/en/#match-details/ESPORTSTMNT01/1315361?gameHash=36c53321a0aded2f,LCK,2020,Spring,0,2020-03-27 07:34:39,1,10.05,5,Blue,sup,GorillA,oe:player:a9fdc6a800e800eb897d38b389f96f0,Liiv SANDBOX,oe:team:c75f1f337fc5867914749d438a4871d,Taric,Ornn,Varus,LeBlanc,Zoe,Kennen,,,,,,1836,0,0,4,2,4,23,0.0,0.0,0.0,0.0,0.0,0.0,0.0,1.0,0.1307,0.8824,,,,,,,,,,,,,,,,,,,,,,,,,,,,,,,,0.0,0.0,1477.0,48.268,0.045236,392.2876,370.2288,43.0,1.4052,7.0,0.2288,14.0,63.0,2.0588,6467,2446.0,79.9346,0.0896094,6025.0,,,32.0,32.0,0.0,0.0,0.0,1.0458,2287.0,2857.0,14.0,2710.0,2120.0,12.0,-423.0,737.0,2.0,0.0,1.0,1.0,2.0,3.0,0.0,,,,,,,,,,,,,,,,,,,,,,,,,,,,,,,,,,,,,,,,,,,,,
ESPORTSTMNT01/1315361,partial,http://matchhistory.na.leagueoflegends.com/en/#match-details/ESPORTSTMNT01/1315361?gameHash=36c53321a0aded2f,LCK,2020,Spring,0,2020-03-27 07:34:39,1,10.05,6,Red,top,HOYA,oe:player:57ac9f77eae511aeee1e854434f73f2,Griffin,oe:team:76b516358ee227ba806ba5d955b6314,Lucian,Aphelios,Senna,Sejuani,Lee Sin,Rek'Sai,,,,,,1836,1,6,0,6,23,4,2.0,0.0,0.0,0.0,0.0,0.0,0.0,0.0,0.7516,0.8824,,,,,,,,,,,,,,,,,,,,,,,,,,,,,,,,1.0,0.0,16825.0,549.8366,0.283775,418.1699,362.2876,16.0,0.5229,7.0,0.2288,6.0,35.0,1.1438,13896,9875.0,322.7124,0.261396,12500.0,,,268.0,244.0,24.0,13.0,1.0,8.7582,3273.0,4375.0,69.0,2899.0,4113.0,67.0,374.0,262.0,2.0,0.0,2.0,0.0,0.0,1.0,2.0,,,,,,,,,,,,,,,,,,,,,,,,,,,,,,,,,,,,,,,,,,,,,
ESPORTSTMNT01/1315361,partial,http://matchhistory.na.leagueoflegends.com/en/#match-details/ESPORTSTMNT01/1315361?gameHash=36c53321a0aded2f,LCK,2020,Spring,0,2020-03-27 07:34:39,1,10.05,7,Red,jng,Tarzan,oe:player:62922f2b370657a966de4d84f5586bf,Griffin,oe:team:76b516358ee227ba806ba5d955b6314,Jarvan IV,Aphelios,Senna,Sejuani,Lee Sin,Rek'Sai,,,,,,1836,1,2,2,17,23,4,0.0,0.0,0.0,0.0,1.0,1.0,0.0,0.0,0.7516,0.8824,,,,,,,,,,,,,,,,,,,,,,,,,,,,,,,,0.0,0.0,7031.0,229.7712,0.118587,632.0588,917.6471,14.0,0.4575,12.0,0.3922,13.0,45.0,1.4706,10129,6108.0,199.6078,0.161681,9475.0,,,123.0,21.0,102.0,61.0,4.0,4.0196,3765.0,3058.0,46.0,3191.0,2567.0,45.0,574.0,491.0,1.0,2.0,4.0,1.0,1.0,1.0,1.0,,,,,,,,,,,,,,,,,,,,,,,,,,,,,,,,,,,,,,,,,,,,,
ESPORTSTMNT01/1315361,partial,http://matchhistory.na.leagueoflegends.com/en/#match-details/ESPORTSTMNT01/1315361?gameHash=36c53321a0aded2f,LCK,2020,Spring,0,2020-03-27 07:34:39,1,10.05,8,Red,mid,Ucal,oe:player:bd6a2e6aaeb993fd29f43790265297f,Griffin,oe:team:76b516358ee227ba806ba5d955b6314,Rumble,Aphelios,Senna,Sejuani,Lee Sin,Rek'Sai,,,,,,1836,1,4,1,14,23,4,0.0,0.0,0.0,0.0,1.0,0.0,1.0,0.0,0.7516,0.8824,,,,,,,,,,,,,,,,,,,,,,,,,,,,,,,,0.0,0.0,11825.0,386.4379,0.199443,412.1895,620.8824,17.0,0.5556,6.0,0.1961,10.0,32.0,1.0458,11487,7466.0,243.9869,0.197628,11050.0,,,215.0,211.0,4.0,0.0,4.0,7.0261,3429.0,3997.0,74.0,3231.0,4000.0,82.0,198.0,-3.0,-8.0,1.0,3.0,1.0,0.0,1.0,1.0,,,,,,,,,,,,,,,,,,,,,,,,,,,,,,,,,,,,,,,,,,,,,
ESPORTSTMNT01/1315361,partial,http://matchhistory.na.leagueoflegends.com/en/#match-details/ESPORTSTMNT01/1315361?gameHash=36c53321a0aded2f,LCK,2020,Spring,0,2020-03-27 07:34:39,1,10.05,9,Red,bot,Viper,oe:player:9573154ad8bc9459b4c0d940315054f,Griffin,oe:team:76b516358ee227ba806ba5d955b6314,Kai'Sa,Aphelios,Senna,Sejuani,Lee Sin,Rek'Sai,,,,,,1836,1,8,1,7,23,4,2.0,0.0,0.0,0.0,1.0,0.0,1.0,0.0,0.7516,0.8824,,,,,,,,,,,,,,,,,,,,,,,,,,,,,,,,0.0,0.0,19491.0,636.9608,0.32874,245.719,286.5033,13.0,0.4248,18.0,0.5882,7.0,61.0,1.9935,14204,10183.0,332.7778,0.269549,14655.0,,,282.0,247.0,35.0,19.0,12.0,9.2157,3771.0,3888.0,88.0,3542.0,2783.0,77.0,229.0,1105.0,11.0,1.0,2.0,0.0,1.0,0.0,1.0,,,,,,,,,,,,,,,,,,,,,,,,,,,,,,,,,,,,,,,,,,,,,
ESPORTSTMNT01/1315361,partial,http://matchhistory.na.leagueoflegends.com/en/#match-details/ESPORTSTMNT01/1315361?gameHash=36c53321a0aded2f,LCK,2020,Spring,0,2020-03-27 07:34:39,1,10.05,10,Red,sup,sanghyeon,oe:player:750126a9b77f68942d7f412ad74b67d,Griffin,oe:team:76b516358ee227ba806ba5d955b6314,Sett,Aphelios,Senna,Sejuani,Lee Sin,Rek'Sai,,,,,,1836,1,3,0,11,23,4,0.0,0.0,0.0,0.0,1.0,0.0,1.0,0.0,0.7516,0.8824,,,,,,,,,,,,,,,,,,,,,,,,,,,,,,,,0.0,0.0,4118.0,134.5752,0.0694552,355.7843,607.9412,48.0,1.5686,16.0,0.5229,19.0,83.0,2.7124,8167,4146.0,135.4902,0.109746,7375.0,,,43.0,39.0,4.0,0.0,0.0,1.4052,2710.0,2120.0,12.0,2287.0,2857.0,14.0,423.0,-737.0,-2.0,2.0,3.0,0.0,0.0,1.0,1.0,,,,,,,,,,,,,,,,,,,,,,,,,,,,,,,,,,,,,,,,,,,,,
ESPORTSTMNT01/1315361,partial,http://matchhistory.na.leagueoflegends.com/en/#match-details/ESPORTSTMNT01/1315361?gameHash=36c53321a0aded2f,LCK,2020,Spring,0,2020-03-27 07:34:39,1,10.05,100,Blue,team,,,Liiv SANDBOX,oe:team:c75f1f337fc5867914749d438a4871d,,Ornn,Varus,LeBlanc,Zoe,Kennen,Kalista,Azir,Taric,Aatrox,Elise,1836,0,4,23,8,4,23,0.0,0.0,0.0,0.0,0.0,,,,0.1307,0.8824,0.0,0.0,4.0,,,,,,,,,0.0,,,0.0,0.0,2.0,,,0.0,0.0,1.0,,,0.0,3.0,8.0,,0.0,,,0.0,1.0,32651.0,1067.0261,,2380.0,1865.5556,103.0,3.366,42.0,1.3725,51.0,208.0,6.7974,47401,27296.0,892.0261,,46450.0,-0.169548,-2.81,,774.0,171.0,126.0,8.0,30.8824,15150.0,16320.0,285.0,16948.0,17438.0,289.0,-1798.0,-1118.0,-4.0,2.0,4.0,6.0,6.0,14.0,2.0,,,,,,,,,,,,,,,,,,,,,,,,,,,,,,,,,,,,,,,,,,,,,
ESPORTSTMNT01/1315361,partial,http://matchhistory.na.leagueoflegends.com/en/#match-details/ESPORTSTMNT01/1315361?gameHash=36c53321a0aded2f,LCK,2020,Spring,0,2020-03-27 07:34:39,1,10.05,200,Red,team,,,Griffin,oe:team:76b516358ee227ba806ba5d955b6314,,Aphelios,Senna,Sejuani,Lee Sin,Rek'Sai,Sett,Jarvan IV,Kai'Sa,Rumble,Lucian,1836,1,23,4,55,23,4,4.0,0.0,0.0,0.0,1.0,,,,0.7516,0.8824,1.0,4.0,0.0,,,,,,,,,4.0,,,1.0,2.0,0.0,,,0.0,1.0,0.0,,,0.0,8.0,3.0,,0.0,,,1.0,0.0,59290.0,1937.5817,,2063.9216,2795.2614,108.0,3.5294,59.0,1.9281,55.0,256.0,8.366,57883,37778.0,1234.5752,,55055.0,0.169548,2.81,,762.0,169.0,93.0,21.0,30.4248,16948.0,17438.0,289.0,15150.0,16320.0,285.0,1798.0,1118.0,4.0,6.0,14.0,2.0,2.0,4.0,6.0,,,,,,,,,,,,,,,,,,,,,,,,,,,,,,,,,,,,,,,,,,,,,
ESPORTSTMNT03/1351811,partial,http://matchhistory.na.leagueoflegends.com/en/#match-details/ESPORTSTMNT03/1351811?gameHash=e9cfa65944d39cbc,LCK,2020,Spring,0,2020-04-16 07:42:43,1,10.07,1,Blue,top,Untara,oe:player:3382b716fc38cebef2ee6adb170a16b,Griffin,oe:team:76b516358ee227ba806ba5d955b6314,Vladimir,Yuumi,Taric,Elise,Lucian,Kassadin,,,,,,2074,1,1,1,3,11,2,0.0,0.0,0.0,0.0,0.0,0.0,0.0,0.0,0.3182,0.3761,,,,,,,,,,,,,,,,,,,,,,,,,,,,,,,,0.0,0.0,15887.0,459.6046,0.223041,633.3269,321.6393,11.0,0.3182,2.0,0.0579,5.0,22.0,0.6365,13349,8842.0,255.7956,0.202255,11625.0,,,298.0,284.0,14.0,7.0,1.0,8.621,3447.0,5065.0,97.0,3510.0,5056.0,101.0,-63.0,9.0,-4.0,0.0,0.0,0.0,0.0,0.0,0.0,5069.0,7716.0,148.0,5479.0,7937.0,151.0,-410.0,-221.0,-3.0,0.0,0.0,0.0,0.0,1.0,0.0,7336.0,10827.0,204.0,7470.0,10501.0,196.0,-134.0,326.0,8.0,0.0,0.0,0.0,0.0,1.0,0.0,,,,,,,,,,,,,,,
ESPORTSTMNT03/1351811,partial,http://matchhistory.na.leagueoflegends.com/en/#match-details/ESPORTSTMNT03/1351811?gameHash=e9cfa65944d39cbc,LCK,2020,Spring,0,2020-04-16 07:42:43,1,10.07,2,Blue,jng,Tarzan,oe:player:62922f2b370657a966de4d84f5586bf,Griffin,oe:team:76b516358ee227ba806ba5d955b6314,Sett,Yuumi,Taric,Elise,Lucian,Kassadin,,,,,,2074,1,1,1,7,11,2,0.0,0.0,0.0,0.0,0.0,0.0,0.0,1.0,0.3182,0.3761,,,,,,,,,,,,,,,,,,,,,,,,,,,,,,,,0.0,0.0,9562.0,276.6249,0.134243,639.9518,633.4137,17.0,0.4918,19.0,0.5497,16.0,69.0,1.9961,10790,6283.0,181.7647,0.143723,9520.0,,,177.0,34.0,143.0,93.0,0.0,5.1205,2945.0,3133.0,61.0,2957.0,3267.0,67.0,-12.0,-134.0,-6.0,0.0,0.0,0.0,0.0,0.0,0.0,4084.0,4708.0,82.0,4756.0,5476.0,110.0,-672.0,-768.0,-28.0,0.0,0.0,1.0,0.0,0.0,0.0,5697.0,6766.0,115.0,6469.0,6899.0,138.0,-772.0,-133.0,-23.0,0.0,2.0,1.0,0.0,0.0,0.0,,,,,,,,,,,,,,,
ESPORTSTMNT03/1351811,partial,http://matchhistory.na.leagueoflegends.com/en/#match-details/ESPORTSTMNT03/1351811?gameHash=e9cfa65944d39cbc,LCK,2020,Spring,0,2020-04-16 07:42:43,1,10.07,3,Blue,mid,Ucal,oe:player:bd6a2e6aaeb993fd29f43790265297f,Griffin,oe:team:76b516358ee227ba806ba5d955b6314,Corki,Yuumi,Taric,Elise,Lucian,Kassadin,,,,,,2074,1,3,0,4,11,2,0.0,0.0,0.0,0.0,0.0,0.0,0.0,0.0,0.3182,0.3761,,,,,,,,,,,,,,,,,,,,,,,,,,,,,,,,1.0,0.0,14607.0,422.5747,0.205071,431.6008,224.5805,20.0,0.5786,7.0,0.2025,12.0,38.0,1.0993,15882,11375.0,329.0743,0.260193,14233.0,,,372.0,320.0,52.0,35.0,9.0,10.7618,3300.0,4585.0,88.0,3590.0,4854.0,94.0,-290.0,-269.0,-6.0,0.0,0.0,0.0,0.0,0.0,0.0,5411.0,7676.0,157.0,5679.0,7785.0,151.0,-268.0,-109.0,6.0,0.0,0.0,0.0,0.0,0.0,0.0,7295.0,10102.0,207.0,8274.0,11084.0,212.0,-979.0,-982.0,-5.0,0.0,0.0,0.0,0.0,0.0,0.0,,,,,,,,,,,,,,,
ESPORTSTMNT03/1351811,partial,http://matchhistory.na.leagueoflegends.com/en/#match-details/ESPORTSTMNT03/1351811?gameHash=e9cfa65944d39cbc,LCK,2020,Spring,0,2020-04-16 07:42:43,1,10.07,4,Blue,bot,Viper,oe:player:9573154ad8bc9459b4c0d940315054f,Griffin,oe:team:76b516358ee227ba806ba5d955b6314,Varus,Yuumi,Taric,Elise,Lucian,Kassadin,,,,,,2074,1,6,0,4,11,2,0.0,0.0,0.0,0.0,0.0,0.0,0.0,0.0,0.3182,0.3761,,,,,,,,,,,,,,,,,,,,,,,,,,,,,,,,1.0,0.0,27359.0,791.4851,0.384099,342.0926,450.0579,17.0,0.4918,19.0,0.5497,7.0,55.0,1.5911,17883,13376.0,386.9624,0.305963,17025.0,,,405.0,361.0,44.0,21.0,8.0,11.7165,3566.0,3349.0,96.0,2138.0,2448.0,0.0,1428.0,901.0,96.0,0.0,0.0,0.0,0.0,0.0,0.0,5694.0,5981.0,163.0,3511.0,4468.0,8.0,2183.0,1513.0,155.0,0.0,0.0,0.0,1.0,0.0,0.0,8980.0,8807.0,237.0,4573.0,5765.0,13.0,4407.0,3042.0,224.0,2.0,0.0,0.0,1.0,0.0,1.0,,,,,,,,,,,,,,,
ESPORTSTMNT03/1351811,partial,http://matchhistory.na.leagueoflegends.com/en/#match-details/ESPORTSTMNT03/1351811?gameHash=e9cfa65944d39cbc,LCK,2020,Spring,0,2020-04-16 07:42:43,1,10.07,5,Blue,sup,sanghyeon,oe:player:750126a9b77f68942d7f412ad74b67d,Griffin,oe:team:76b516358ee227ba806ba5d955b6314,Tahm Kench,Yuumi,Taric,Elise,Lucian,Kassadin,,,,,,2074,1,0,0,8,11,2,0.0,0.0,0.0,0.0,0.0,0.0,0.0,0.0,0.3182,0.3761,,,,,,,,,,,,,,,,,,,,,,,,,,,,,,,,1.0,0.0,3814.0,110.3375,0.0535456,523.0762,548.9392,59.0,1.7068,11.0,0.3182,19.0,89.0,2.5747,8348,3841.0,111.1186,0.0878662,7375.0,,,37.0,37.0,0.0,0.0,0.0,1.0704,2137.0,2655.0,17.0,2901.0,2835.0,70.0,-764.0,-180.0,-53.0,0.0,0.0,0.0,0.0,0.0,0.0,3210.0,4005.0,24.0,4454.0,4919.0,112.0,-1244.0,-914.0,-88.0,0.0,0.0,0.0,0.0,0.0,0.0,4531.0,6399.0,31.0,6053.0,6431.0,146.0,-1522.0,-32.0,-115.0,0.0,2.0,0.0,0.0,0.0,1.0,,,,,,,,,,,,,,,
ESPORTSTMNT03/1351811,partial,http://matchhistory.na.leagueoflegends.com/en/#match-details/ESPORTSTMNT03/1351811?gameHash=e9cfa65944d39cbc,LCK,2020,Spring,0,2020-04-16 07:42:43,1,10.07,6,Red,top,CuVee,oe:player:d3a36b831bf6dfc749f79a1d3a71fad,Hanwha Life Esports,oe:team:3a1d18f46bcb3716ebcfcf4ef068934,Gnar,Aphelios,Rumble,Gragas,Jayce,Azir,,,,,,2074,0,0,3,1,2,11,0.0,0.0,0.0,0.0,1.0,0.0,1.0,0.0,0.0579,0.3761,,,,,,,,,,,,,,,,,,,,,,,,,,,,,,,,0.0,0.0,14624.0,423.0665,0.25,599.2189,518.2449,17.0,0.4918,8.0,0.2314,7.0,39.0,1.1283,12840,8333.0,241.0704,0.25812,12775.0,,,318.0,305.0,13.0,12.0,0.0,9.1996,3510.0,5056.0,101.0,3447.0,5065.0,97.0,63.0,-9.0,4.0,0.0,0.0,0.0,0.0,0.0,0.0,5479.0,7937.0,151.0,5069.0,7716.0,148.0,410.0,221.0,3.0,0.0,1.0,0.0,0.0,0.0,0.0,7470.0,10501.0,196.0,7336.0,10827.0,204.0,134.0,-326.0,-8.0,0.0,1.0,0.0,0.0,0.0,0.0,,,,,,,,,,,,,,,
ESPORTSTMNT03/1351811,partial,http://matchhistory.na.leagueoflegends.com/en/#match-details/ESPORTSTMNT03/1351811?gameHash=e9cfa65944d39cbc,LCK,2020,Spring,0,2020-04-16 07:42:43,1,10.07,7,Red,jng,Haru,oe:player:2736a0eb19c2525920f8ff4af5086c0,Hanwha Life Esports,oe:team:3a1d18f46bcb3716ebcfcf4ef068934,Trundle,Aphelios,Rumble,Gragas,Jayce,Azir,,,,,,2074,0,0,2,1,2,11,0.0,0.0,0.0,0.0,0.0,0.0,0.0,0.0,0.0579,0.3761,,,,,,,,,,,,,,,,,,,,,,,,,,,,,,,,0.0,0.0,2946.0,85.2266,0.0503624,960.2604,715.6027,14.0,0.405,23.0,0.6654,15.0,61.0,1.7647,9591,5084.0,147.0781,0.157485,9325.0,,,189.0,52.0,137.0,89.0,12.0,5.4677,2957.0,3267.0,67.0,2945.0,3133.0,61.0,12.0,134.0,6.0,0.0,0.0,0.0,0.0,0.0,0.0,4756.0,5476.0,110.0,4084.0,4708.0,82.0,672.0,768.0,28.0,0.0,0.0,0.0,0.0,0.0,1.0,6469.0,6899.0,138.0,5697.0,6766.0,115.0,772.0,133.0,23.0,0.0,0.0,0.0,0.0,2.0,1.0,,,,,,,,,,,,,,,
ESPORTSTMNT03/1351811,partial,http://matchhistory.na.leagueoflegends.com/en/#match-details/ESPORTSTMNT03/1351811?gameHash=e9cfa65944d39cbc,LCK,2020,Spring,0,2020-04-16 07:42:43,1,10.07,8,Red,mid,Lava,oe:player:1d18fe2cdd43a72d46421ecfe81b599,Hanwha Life Esports,oe:team:3a1d18f46bcb3716ebcfcf4ef068934,Zoe,Aphelios,Rumble,Gragas,Jayce,Azir,,,,,,2074,0,0,2,1,2,11,0.0,0.0,0.0,0.0,0.0,0.0,0.0,0.0,0.0579,0.3761,,,,,,,,,,,,,,,,,,,,,,,,,,,,,,,,0.0,1.0,22880.0,661.9094,0.391138,487.9846,271.2729,19.0,0.5497,6.0,0.1736,9.0,34.0,0.9836,13797,9290.0,268.756,0.287762,13060.0,,,353.0,316.0,37.0,34.0,0.0,10.2122,3590.0,4854.0,94.0,3300.0,4585.0,88.0,290.0,269.0,6.0,0.0,0.0,0.0,0.0,0.0,0.0,5679.0,7785.0,151.0,5411.0,7676.0,157.0,268.0,109.0,-6.0,0.0,0.0,0.0,0.0,0.0,0.0,8274.0,11084.0,212.0,7295.0,10102.0,207.0,979.0,982.0,5.0,0.0,0.0,0.0,0.0,0.0,0.0,,,,,,,,,,,,,,,
ESPORTSTMNT03/1351811,partial,http://matchhistory.na.leagueoflegends.com/en/#match-details/ESPORTSTMNT03/1351811?gameHash=e9cfa65944d39cbc,LCK,2020,Spring,0,2020-04-16 07:42:43,1,10.07,9,Red,bot,Vsta,oe:player:16c1637b4b44b008b4d6627f68ae30a,Hanwha Life Esports,oe:team:3a1d18f46bcb3716ebcfcf4ef068934,Senna,Aphelios,Rumble,Gragas,Jayce,Azir,,,,,,2074,0,1,1,1,2,11,0.0,0.0,0.0,0.0,1.0,1.0,0.0,0.0,0.0579,0.3761,,,,,,,,,,,,,,,,,,,,,,,,,,,,,,,,0.0,1.0,7818.0,226.1716,0.13365,210.0579,81.6393,43.0,1.244,27.0,0.7811,11.0,100.0,2.893,7500,2993.0,86.5863,0.0927186,7625.0,,,35.0,30.0,5.0,4.0,0.0,1.0125,2138.0,2448.0,0.0,3566.0,3349.0,96.0,-1428.0,-901.0,-96.0,0.0,0.0,0.0,0.0,0.0,0.0,3511.0,4468.0,8.0,5694.0,5981.0,163.0,-2183.0,-1513.0,-155.0,1.0,0.0,0.0,0.0,0.0,0.0,4573.0,5765.0,13.0,8980.0,8807.0,237.0,-4407.0,-3042.0,-224.0,1.0,0.0,1.0,2.0,0.0,0.0,,,,,,,,,,,,,,,
ESPORTSTMNT03/1351811,partial,http://matchhistory.na.leagueoflegends.com/en/#match-details/ESPORTSTMNT03/1351811?gameHash=e9cfa65944d39cbc,LCK,2020,Spring,0,2020-04-16 07:42:43,1,10.07,10,Red,sup,Lehends,oe:player:e4e24b8656e4e6a74b939af730b0148,Hanwha Life Esports,oe:team:3a1d18f46bcb3716ebcfcf4ef068934,Maokai,Aphelios,Rumble,Gragas,Jayce,Azir,,,,,,2074,0,1,3,0,2,11,0.0,0.0,0.0,0.0,0.0,0.0,0.0,0.0,0.0579,0.3761,,,,,,,,,,,,,,,,,,,,,,,,,,,,,,,,0.0,1.0,10228.0,295.892,0.17485,808.0906,1206.5959,10.0,0.2893,8.0,0.2314,10.0,32.0,0.9257,11090,6583.0,190.4436,0.203915,11410.0,,,252.0,252.0,0.0,0.0,0.0,7.2903,2901.0,2835.0,70.0,2137.0,2655.0,17.0,764.0,180.0,53.0,0.0,0.0,0.0,0.0,0.0,0.0,4454.0,4919.0,112.0,3210.0,4005.0,24.0,1244.0,914.0,88.0,0.0,0.0,0.0,0.0,0.0,0.0,6053.0,6431.0,146.0,4531.0,6399.0,31.0,1522.0,32.0,115.0,0.0,0.0,1.0,0.0,2.0,0.0,,,,,,,,,,,,,,,
ESPORTSTMNT03/1351811,partial,http://matchhistory.na.leagueoflegends.com/en/#match-details/ESPORTSTMNT03/1351811?gameHash=e9cfa65944d39cbc,LCK,2020,Spring,0,2020-04-16 07:42:43,1,10.07,100,Blue,team,,,Griffin,oe:team:76b516358ee227ba806ba5d955b6314,,Yuumi,Taric,Elise,Lucian,Kassadin,Sett,Varus,Tahm Kench,Vladimir,Corki,2074,1,11,2,26,11,2,0.0,0.0,0.0,0.0,0.0,,,,0.3182,0.3761,0.0,3.0,3.0,,,,,,,,,3.0,,,0.0,0.0,2.0,,,0.0,2.0,0.0,,,0.0,10.0,3.0,0.0,0.0,,,3.0,0.0,71229.0,2060.6268,,2570.0482,2178.6307,124.0,3.5873,58.0,1.6779,59.0,273.0,7.8978,66252,43719.0,1264.7734,,59778.0,0.0979706,-0.11,,1036.0,253.0,156.0,18.0,37.2903,15395.0,18787.0,359.0,15096.0,18460.0,332.0,299.0,327.0,27.0,0.0,0.0,0.0,0.0,0.0,0.0,23468.0,30086.0,574.0,23879.0,30585.0,532.0,-411.0,-499.0,42.0,0.0,0.0,1.0,1.0,1.0,0.0,33839.0,42901.0,794.0,32839.0,40680.0,705.0,1000.0,2221.0,89.0,2.0,4.0,1.0,1.0,1.0,2.0,,,,,,,,,,,,,,,
ESPORTSTMNT03/1351811,partial,http://matchhistory.na.leagueoflegends.com/en/#match-details/ESPORTSTMNT03/1351811?gameHash=e9cfa65944d39cbc,LCK,2020,Spring,0,2020-04-16 07:42:43,1,10.07,200,Red,team,,,Hanwha Life Esports,oe:team:3a1d18f46bcb3716ebcfcf4ef068934,,Aphelios,Rumble,Gragas,Jayce,Azir,Trundle,Senna,Maokai,Gnar,Zoe,2074,0,2,11,4,2,11,0.0,0.0,0.0,0.0,1.0,,,,0.0579,0.3761,1.0,3.0,3.0,,,,,,,,,3.0,,,1.0,2.0,0.0,,,0.0,0.0,2.0,,,1.0,3.0,10.0,1.0,1.0,,,0.0,3.0,58496.0,1692.2662,,3065.6123,2793.3558,103.0,2.9797,72.0,2.0829,52.0,266.0,7.6953,54818,32285.0,933.9923,,54195.0,-0.0979706,0.11,,955.0,192.0,139.0,12.0,33.1823,15096.0,18460.0,332.0,15395.0,18787.0,359.0,-299.0,-327.0,-27.0,0.0,0.0,0.0,0.0,0.0,0.0,23879.0,30585.0,532.0,23468.0,30086.0,574.0,411.0,499.0,-42.0,1.0,1.0,0.0,0.0,0.0,1.0,32839.0,40680.0,705.0,33839.0,42901.0,794.0,-1000.0,-2221.0,-89.0,1.0,1.0,2.0,2.0,4.0,1.0,,,,,,,,,,,,,,,
ESPORTSTMNT03/1442655,partial,http://matchhistory.na.leagueoflegends.com/en/#match-details/ESPORTSTMNT03/1442655?gameHash=41a17ec57de9b19d,LCK,2020,Summer,1,2020-08-28 04:56:26,1,10.16,1,Blue,top,Rascal,oe:player:9daf04bfd9c8815cc827414f59f45af,Gen.G,oe:team:50f58982d91a36557ec8aec52ab014f,Renekton,Caitlyn,Nautilus,Twisted Fate,Karma,Tahm Kench,,,,,,1448,1,4,3,1,28,12,0.0,0.0,0.0,0.0,0.0,0.0,0.0,0.0,1.1602,1.616,,,,,,,,,,,,,,,,,,,,,,,,,,,,,,,,0.0,0.0,14057.0,582.4724,0.215466,982.3757,620.0138,10.0,0.4144,3.0,0.1243,4.0,23.0,0.953,10295,7065.0,292.7486,0.187825,9500.0,,,188.0,181.0,7.0,0.0,7.0,7.7901,,,,,,,,,,,,,,,,,,,,,,,,,,,,,,,,,,,,,,,,,,,,,,,,,,,,,,,,,,,,
ESPORTSTMNT03/1442655,partial,http://matchhistory.na.leagueoflegends.com/en/#match-details/ESPORTSTMNT03/1442655?gameHash=41a17ec57de9b19d,LCK,2020,Summer,1,2020-08-28 04:56:26,1,10.16,2,Blue,jng,Clid,oe:player:d3abb04a273ed8615be5f54a391818e,Gen.G,oe:team:50f58982d91a36557ec8aec52ab014f,Volibear,Caitlyn,Nautilus,Twisted Fate,Karma,Tahm Kench,,,,,,1448,1,3,2,15,28,12,1.0,0.0,0.0,0.0,1.0,0.0,1.0,0.0,1.1602,1.616,,,,,,,,,,,,,,,,,,,,,,,,,,,,,,,,1.0,0.0,6914.0,286.4917,0.105978,728.7017,779.3785,26.0,1.0773,9.0,0.3729,12.0,61.0,2.5276,9833,6603.0,273.605,0.175543,9200.0,,,127.0,27.0,100.0,51.0,13.0,5.2624,,,,,,,,,,,,,,,,,,,,,,,,,,,,,,,,,,,,,,,,,,,,,,,,,,,,,,,,,,,,
ESPORTSTMNT03/1442655,partial,http://matchhistory.na.leagueoflegends.com/en/#match-details/ESPORTSTMNT03/1442655?gameHash=41a17ec57de9b19d,LCK,2020,Summer,1,2020-08-28 04:56:26,1,10.16,3,Blue,mid,Bdd,oe:player:30361653a485a9609fb2d3aa073282c,Gen.G,oe:team:50f58982d91a36557ec8aec52ab014f,Akali,Caitlyn,Nautilus,Twisted Fate,Karma,Tahm Kench,,,,,,1448,1,9,4,4,28,12,1.0,0.0,0.0,0.0,1.0,1.0,0.0,0.0,1.1602,1.616,,,,,,,,,,,,,,,,,,,,,,,,,,,,,,,,1.0,0.0,19272.0,798.5635,0.295402,684.9448,351.0912,11.0,0.4558,4.0,0.1657,7.0,27.0,1.1188,12229,8999.0,372.8867,0.239237,10125.0,,,230.0,218.0,12.0,8.0,0.0,9.5304,,,,,,,,,,,,,,,,,,,,,,,,,,,,,,,,,,,,,,,,,,,,,,,,,,,,,,,,,,,,
ESPORTSTMNT03/1442655,partial,http://matchhistory.na.leagueoflegends.com/en/#match-details/ESPORTSTMNT03/1442655?gameHash=41a17ec57de9b19d,LCK,2020,Summer,1,2020-08-28 04:56:26,1,10.16,4,Blue,bot,Ruler,oe:player:eada4723af6f51cf2391d85b5fde49b,Gen.G,oe:team:50f58982d91a36557ec8aec52ab014f,Kai'Sa,Caitlyn,Nautilus,Twisted Fate,Karma,Tahm Kench,,,,,,1448,1,11,1,5,28,12,2.0,0.0,0.0,0.0,0.0,0.0,0.0,0.0,1.1602,1.616,,,,,,,,,,,,,,,,,,,,,,,,,,,,,,,,0.0,0.0,19289.0,799.268,0.295662,337.7072,237.3481,21.0,0.8702,12.0,0.4972,2.0,35.0,1.4503,14868,11638.0,482.2376,0.309391,12400.0,,,250.0,234.0,16.0,12.0,0.0,10.3591,,,,,,,,,,,,,,,,,,,,,,,,,,,,,,,,,,,,,,,,,,,,,,,,,,,,,,,,,,,,
ESPORTSTMNT03/1442655,partial,http://matchhistory.na.leagueoflegends.com/en/#match-details/ESPORTSTMNT03/1442655?gameHash=41a17ec57de9b19d,LCK,2020,Summer,1,2020-08-28 04:56:26,1,10.16,5,Blue,sup,Life,oe:player:dea5251e486aed942e1bc06e1d5c116,Gen.G,oe:team:50f58982d91a36557ec8aec52ab014f,Gragas,Caitlyn,Nautilus,Twisted Fate,Karma,Tahm Kench,,,,,,1448,1,1,2,13,28,12,0.0,0.0,0.0,0.0,0.0,0.0,0.0,0.0,1.1602,1.616,,,,,,,,,,,,,,,,,,,,,,,,,,,,,,,,0.0,0.0,5708.0,236.5193,0.0874923,517.1685,274.9724,27.0,1.1188,10.0,0.4144,10.0,52.0,2.1547,6540,3310.0,137.1547,0.088004,6050.0,,,27.0,27.0,0.0,0.0,0.0,1.1188,,,,,,,,,,,,,,,,,,,,,,,,,,,,,,,,,,,,,,,,,,,,,,,,,,,,,,,,,,,,
ESPORTSTMNT03/1442655,partial,http://matchhistory.na.leagueoflegends.com/en/#match-details/ESPORTSTMNT03/1442655?gameHash=41a17ec57de9b19d,LCK,2020,Summer,1,2020-08-28 04:56:26,1,10.16,6,Red,top,Kiin,oe:player:03daae1844b9ad257324c3eedf41e28,DN Freecs,oe:team:b05347770d44de27f5e7a25c8cfcbb2,Jayce,Sett,Azir,Senna,Ezreal,Kalista,,,,,,1448,0,4,5,2,11,28,0.0,0.0,0.0,0.0,0.0,0.0,0.0,1.0,0.4558,1.616,,,,,,,,,,,,,,,,,,,,,,,,,,,,,,,,0.0,0.0,16793.0,695.8425,0.348099,547.0856,311.8094,9.0,0.3729,5.0,0.2072,1.0,17.0,0.7044,10272,7042.0,291.7956,0.283783,8975.0,,,200.0,188.0,12.0,5.0,0.0,8.2873,,,,,,,,,,,,,,,,,,,,,,,,,,,,,,,,,,,,,,,,,,,,,,,,,,,,,,,,,,,,
ESPORTSTMNT03/1442655,partial,http://matchhistory.na.leagueoflegends.com/en/#match-details/ESPORTSTMNT03/1442655?gameHash=41a17ec57de9b19d,LCK,2020,Summer,1,2020-08-28 04:56:26,1,10.16,7,Red,jng,Dread,oe:player:5fac949d3a1a7631ddaef68ea4cbe1e,DN Freecs,oe:team:b05347770d44de27f5e7a25c8cfcbb2,Graves,Sett,Azir,Senna,Ezreal,Kalista,,,,,,1448,0,2,6,2,11,28,0.0,0.0,0.0,0.0,0.0,0.0,0.0,0.0,0.4558,1.616,,,,,,,,,,,,,,,,,,,,,,,,,,,,,,,,0.0,1.0,10878.0,450.7459,0.225488,866.3122,483.5221,7.0,0.2901,9.0,0.3729,10.0,23.0,0.953,7943,4713.0,195.2901,0.189934,7475.0,,,155.0,35.0,120.0,91.0,12.0,6.4227,,,,,,,,,,,,,,,,,,,,,,,,,,,,,,,,,,,,,,,,,,,,,,,,,,,,,,,,,,,,
ESPORTSTMNT03/1442655,partial,http://matchhistory.na.leagueoflegends.com/en/#match-details/ESPORTSTMNT03/1442655?gameHash=41a17ec57de9b19d,LCK,2020,Summer,1,2020-08-28 04:56:26,1,10.16,8,Red,mid,Fly,oe:player:6c1fa8d6ae91f559b9d317477dad3ea,DN Freecs,oe:team:b05347770d44de27f5e7a25c8cfcbb2,Mordekaiser,Sett,Azir,Senna,Ezreal,Kalista,,,,,,1448,0,3,5,2,11,28,0.0,0.0,0.0,0.0,0.0,0.0,0.0,0.0,0.4558,1.616,,,,,,,,,,,,,,,,,,,,,,,,,,,,,,,,0.0,1.0,10880.0,450.8287,0.22553,883.384,691.4917,7.0,0.2901,4.0,0.1657,3.0,13.0,0.5387,8147,4917.0,203.7431,0.198154,7575.0,,,173.0,169.0,4.0,1.0,0.0,7.1685,,,,,,,,,,,,,,,,,,,,,,,,,,,,,,,,,,,,,,,,,,,,,,,,,,,,,,,,,,,,
ESPORTSTMNT03/1442655,partial,http://matchhistory.na.leagueoflegends.com/en/#match-details/ESPORTSTMNT03/1442655?gameHash=41a17ec57de9b19d,LCK,2020,Summer,1,2020-08-28 04:56:26,1,10.16,9,Red,bot,Mystic,oe:player:7b28158d613ea1869441676fa32a3b5,DN Freecs,oe:team:b05347770d44de27f5e7a25c8cfcbb2,Ashe,Sett,Azir,Senna,Ezreal,Kalista,,,,,,1448,0,2,7,3,11,28,0.0,0.0,0.0,0.0,0.0,0.0,0.0,0.0,0.4558,1.616,,,,,,,,,,,,,,,,,,,,,,,,,,,,,,,,0.0,0.0,5917.0,245.1796,0.122652,571.2845,289.2265,8.0,0.3315,13.0,0.5387,2.0,23.0,0.953,9374,6144.0,254.5856,0.247598,9200.0,,,205.0,193.0,12.0,9.0,0.0,8.4945,,,,,,,,,,,,,,,,,,,,,,,,,,,,,,,,,,,,,,,,,,,,,,,,,,,,,,,,,,,,
ESPORTSTMNT03/1442655,partial,http://matchhistory.na.leagueoflegends.com/en/#match-details/ESPORTSTMNT03/1442655?gameHash=41a17ec57de9b19d,LCK,2020,Summer,1,2020-08-28 04:56:26,1,10.16,10,Red,sup,Ben,oe:player:092f2ba9f39fbc2876e64d12cd662f7,DN Freecs,oe:team:b05347770d44de27f5e7a25c8cfcbb2,Braum,Sett,Azir,Senna,Ezreal,Kalista,,,,,,1448,0,0,5,6,11,28,0.0,0.0,0.0,0.0,0.0,0.0,0.0,0.0,0.4558,1.616,,,,,,,,,,,,,,,,,,,,,,,,,,,,,,,,0.0,0.0,3774.0,156.3812,0.0782306,445.2348,514.1022,37.0,1.5331,6.0,0.2486,13.0,44.0,1.8232,5228,1998.0,82.7901,0.0805306,4245.0,,,26.0,26.0,0.0,0.0,0.0,1.0773,,,,,,,,,,,,,,,,,,,,,,,,,,,,,,,,,,,,,,,,,,,,,,,,,,,,,,,,,,,,
ESPORTSTMNT03/1442655,partial,http://matchhistory.na.leagueoflegends.com/en/#match-details/ESPORTSTMNT03/1442655?gameHash=41a17ec57de9b19d,LCK,2020,Summer,1,2020-08-28 04:56:26,1,10.16,100,Blue,team,,,Gen.G,oe:team:50f58982d91a36557ec8aec52ab014f,,Caitlyn,Nautilus,Twisted Fate,Karma,Tahm Kench,Volibear,Renekton,Akali,Kai'Sa,Gragas,1448,1,28,12,38,28,12,4.0,0.0,0.0,0.0,1.0,,,,1.1602,1.616,0.0,2.0,1.0,,,,,,,,,2.0,,,1.0,2.0,0.0,,,0.0,1.0,0.0,,,0.0,10.0,1.0,,0.0,,,2.0,0.0,65240.0,2703.3149,,3250.8978,2262.8039,95.0,3.9365,38.0,1.5746,35.0,198.0,8.2044,53765,37617.0,1558.7155,,47275.0,0.2314,3.67,,687.0,135.0,71.0,20.0,34.0608,,,,,,,,,,,,,,,,,,,,,,,,,,,,,,,,,,,,,,,,,,,,,,,,,,,,,,,,,,,,
ESPORTSTMNT03/1442655,partial,http://matchhistory.na.leagueoflegends.com/en/#match-details/ESPORTSTMNT03/1442655?gameHash=41a17ec57de9b19d,LCK,2020,Summer,1,2020-08-28 04:56:26,1,10.16,200,Red,team,,,DN Freecs,oe:team:b05347770d44de27f5e7a25c8cfcbb2,,Sett,Azir,Senna,Ezreal,Kalista,Graves,Ashe,Mordekaiser,Jayce,Braum,1448,0,11,28,15,11,28,0.0,0.0,0.0,0.0,0.0,,,,0.4558,1.616,1.0,1.0,2.0,,,,,,,,,1.0,,,0.0,0.0,2.0,,,0.0,0.0,1.0,,,0.0,1.0,10.0,,0.0,,,0.0,2.0,48242.0,1998.9779,,3313.3011,2290.1519,68.0,2.8177,37.0,1.5331,29.0,120.0,4.9724,40964,24816.0,1028.2873,,37470.0,-0.2314,-3.67,,611.0,148.0,106.0,12.0,31.4503,,,,,,,,,,,,,,,,,,,,,,,,,,,,,,,,,,,,,,,,,,,,,,,,,,,,,,,,,,,,
