C:\Users\Ricky Won\Documents\Cursor\lolfa\data\2023.csv:209:9691-9691_game_1,partial,https://lpl.qq.com/es/stats.shtml?bmid=9691,LPL,2023,Spring,0,2023-01-14 07:23:06,1,13.01,4,Blue,bot,Lwx,oe:player:ce76a8fc639b0cc96da48c76bc0bbeb,FunPlus Phoenix,oe:team:33d17f3717f58e12a3da80b377221fb,Caitlyn,Lucian,Varus,Syndra,LeBlanc,Viktor,,,,,,1836,0,1,2,3,6,16,,,,,,0,,,0.1961,0.7190,,,,,,,,,,,,,,,,,,,,,,,,,,,,,,,,,,12848,419.8693,0.288948,457.4183,,8,0.2614,9,0.2941,1,25,0.8170,12743,8722,285.0327,0.28923,12284,,,337,312,25,21,4,11.0131,,,,,,,,,,,,,,,,,,,,,,,,,,,,,,,,,,,,,,,,,,,,,,,,,,,,,,,,,,,,
C:\Users\Ricky Won\Documents\Cursor\lolfa\data\2023.csv:226:9691-9691_game_2,partial,https://lpl.qq.com/es/stats.shtml?bmid=9691,LPL,2023,Spring,0,2023-01-14 08:15:19,2,13.01,9,Red,bot,Lwx,oe:player:ce76a8fc639b0cc96da48c76bc0bbeb,FunPlus Phoenix,oe:team:33d17f3717f58e12a3da80b377221fb,Zeri,Lucian,Vi,Maokai,Renekton,Jayce,,,,,,1779,1,2,0,9,17,4,,,,,,0,,,0.5734,0.7083,,,,,,,,,,,,,,,,,,,,,,,,,,,,,,,,,,15063,508.0270,0.236512,714.6712,,12,0.4047,9,0.3035,3,37,1.2479,13101,9196,310.1518,0.224374,11864,,,312,272,40,28,12,10.5228,,,,,,,,,,,,,,,,,,,,,,,,,,,,,,,,,,,,,,,,,,,,,,,,,,,,,,,,,,,,
C:\Users\Ricky Won\Documents\Cursor\lolfa\data\2023.csv:233:9691-9691_game_3,partial,https://lpl.qq.com/es/stats.shtml?bmid=9691,LPL,2023,Spring,0,2023-01-14 09:07:29,3,13.01,4,Blue,bot,Lwx,oe:player:ce76a8fc639b0cc96da48c76bc0bbeb,FunPlus Phoenix,oe:team:33d17f3717f58e12a3da80b377221fb,Kalista,Lucian,Maokai,Varus,Lulu,Renekton,,,,,,2692,0,6,2,5,13,18,,,,,,1,,,0.2897,0.6909,,,,,,,,,,,,,,,,,,,,,,,,,,,,,,,,,,16021,357.0802,0.161962,470.5498,,16,0.3566,15,0.3343,5,55,1.2259,20217,14450,322.0654,0.287102,18933,,,405,353,52,47,4,9.0267,,,,,,,,,,,,,,,,,,,,,,,,,,,,,,,,,,,,,,,,,,,,,,,,,,,,,,,,,,,,
C:\Users\Ricky Won\Documents\Cursor\lolfa\data\2023.csv:1193:9701-9701_game_1,partial,https://lpl.qq.com/es/stats.shtml?bmid=9701,LPL,2023,Spring,0,2023-01-18 09:20:57,1,13.01,4,Blue,bot,Lwx,oe:player:ce76a8fc639b0cc96da48c76bc0bbeb,FunPlus Phoenix,oe:team:33d17f3717f58e12a3da80b377221fb,Zeri,Kindred,Renekton,Ryze,Ahri,Fiora,,,,,,1973,0,0,5,6,7,17,,,,,,0,,,0.2129,0.7299,,,,,,,,,,,,,,,,,,,,,,,,,,,,,,,,,,24731,752.0831,0.411122,666.5383,,12,0.3649,13,0.3953,4,37,1.1252,13242,8941,271.9007,0.266414,12159,,,337,309,28,24,0,10.2484,,,,,,,,,,,,,,,,,,,,,,,,,,,,,,,,,,,,,,,,,,,,,,,,,,,,,,,,,,,,
C:\Users\Ricky Won\Documents\Cursor\lolfa\data\2023.csv:1210:9701-9701_game_2,partial,https://lpl.qq.com/es/stats.shtml?bmid=9701,LPL,2023,Spring,0,2023-01-18 10:14:45,2,13.01,9,Red,bot,Lwx,oe:player:ce76a8fc639b0cc96da48c76bc0bbeb,FunPlus Phoenix,oe:team:33d17f3717f58e12a3da80b377221fb,Zeri,Kindred,Renekton,Ryze,Fiora,Galio,,,,,,1957,1,5,3,16,22,10,,,,,,0,,,0.6745,0.9811,,,,,,,,,,,,,,,,,,,,,,,,,,,,,,,,,,25538,782.9739,0.308287,750.6592,,13,0.3986,21,0.6438,2,60,1.8396,14438,10170,311.8038,0.250067,12804,,,278,249,29,21,4,8.5232,,,,,,,,,,,,,,,,,,,,,,,,,,,,,,,,,,,,,,,,,,,,,,,,,,,,,,,,,,,,
C:\Users\Ricky Won\Documents\Cursor\lolfa\data\2023.csv:1229:9701-9701_game_3,partial,https://lpl.qq.com/es/stats.shtml?bmid=9701,LPL,2023,Spring,0,2023-01-18 11:06:43,3,13.01,4,Blue,bot,Lwx,oe:player:ce76a8fc639b0cc96da48c76bc0bbeb,FunPlus Phoenix,oe:team:33d17f3717f58e12a3da80b377221fb,Zeri,Kindred,Renekton,Ryze,Fiora,Jayce,,,,,,1849,0,2,2,0,3,12,,,,,,0,,,0.0973,0.4867,,,,,,,,,,,,,,,,,,,,,,,,,,,,,,,,,,10875,352.8935,0.326392,613.3045,,10,0.3245,15,0.4867,2,45,1.4602,12999,8951,290.4597,0.332406,12560,,,325,302,23,23,0,10.5462,,,,,,,,,,,,,,,,,,,,,,,,,,,,,,,,,,,,,,,,,,,,,,,,,,,,,,,,,,,,
C:\Users\Ricky Won\Documents\Cursor\lolfa\data\2023.csv:9953:9718-9718_game_1,partial,https://lpl.qq.com/es/stats.shtml?bmid=9718,LPL,2023,Spring,0,2023-02-03 12:46:08,1,13.01,4,Blue,bot,Lwx,oe:player:ce76a8fc639b0cc96da48c76bc0bbeb,FunPlus Phoenix,oe:team:33d17f3717f58e12a3da80b377221fb,Sivir,Maokai,Renekton,Ryze,Jayce,Akshan,,,,,,1971,1,4,3,10,18,11,,,,,,0,,,0.5479,0.8828,,,,,,,,,,,,,,,,,,,,,,,,,,,,,,,,,,18136,552.0852,0.219313,515.6469,,11,0.3349,17,0.5175,2,23,0.7002,14225,9929,302.2527,0.236745,11295,,,336,292,44,36,0,10.2283,,,,,,,,,,,,,,,,,,,,,,,,,,,,,,,,,,,,,,,,,,,,,,,,,,,,,,,,,,,,
C:\Users\Ricky Won\Documents\Cursor\lolfa\data\2023.csv:9977:9718-9718_game_2,partial,https://lpl.qq.com/es/stats.shtml?bmid=9718,LPL,2023,Spring,0,2023-02-03 13:38:50,2,13.01,4,Blue,bot,Lwx,oe:player:ce76a8fc639b0cc96da48c76bc0bbeb,FunPlus Phoenix,oe:team:33d17f3717f58e12a3da80b377221fb,Sivir,Maokai,Renekton,Ryze,Jarvan IV,Sejuani,,,,,,2344,0,6,6,12,21,23,,,,,,0,,,0.5375,1.1263,,,,,,,,,,,,,,,,,,,,,,,,,,,,,,,,,,25947,664.1724,0.315511,854.0017,,14,0.3584,22,0.5631,3,38,0.9727,18562,13505,345.6911,0.288757,17764,,,413,371,42,31,8,10.5717,,,,,,,,,,,,,,,,,,,,,,,,,,,,,,,,,,,,,,,,,,,,,,,,,,,,,,,,,,,,
C:\Users\Ricky Won\Documents\Cursor\lolfa\data\2023.csv:10001:9718-9718_game_3,partial,https://lpl.qq.com/es/stats.shtml?bmid=9718,LPL,2023,Spring,0,2023-02-03 14:37:32,3,13.01,4,Blue,bot,Lwx,oe:player:ce76a8fc639b0cc96da48c76bc0bbeb,FunPlus Phoenix,oe:team:33d17f3717f58e12a3da80b377221fb,Lucian,Maokai,Zeri,Draven,Jayce,Renekton,,,,,,1961,1,8,2,7,20,7,,,,,,0,,,0.6119,0.8261,,,,,,,,,,,,,,,,,,,,,,,,,,,,,,,,,,21025,643.2942,0.301043,550.2499,,13,0.3978,12,0.3672,3,52,1.5910,15723,11447,350.2397,0.283714,12725,,,307,274,33,21,4,9.3932,,,,,,,,,,,,,,,,,,,,,,,,,,,,,,,,,,,,,,,,,,,,,,,,,,,,,,,,,,,,
C:\Users\Ricky Won\Documents\Cursor\lolfa\data\2023.csv:12485:9725-9725_game_1,partial,https://lpl.qq.com/es/stats.shtml?bmid=9725,LPL,2023,Spring,0,2023-02-06 09:12:24,1,13.01,4,Blue,bot,Lwx,oe:player:ce76a8fc639b0cc96da48c76bc0bbeb,FunPlus Phoenix,oe:team:33d17f3717f58e12a3da80b377221fb,Zeri,Sejuani,Maokai,Elise,Jayce,Gnar,,,,,,1547,0,1,6,0,2,20,,,,,,0,,,0.0776,0.8533,,,,,,,,,,,,,,,,,,,,,,,,,,,,,,,,,,5817,225.6109,0.17125,651.7388,,8,0.3103,8,0.3103,0,21,0.8145,8096,4665,180.9308,0.241715,7990,,,213,195,18,16,0,8.2612,,,,,,,,,,,,,,,,,,,,,,,,,,,,,,,,,,,,,,,,,,,,,,,,,,,,,,,,,,,,
C:\Users\Ricky Won\Documents\Cursor\lolfa\data\2023.csv:12521:9725-9725_game_2,partial,https://lpl.qq.com/es/stats.shtml?bmid=9725,LPL,2023,Spring,0,2023-02-06 10:00:10,2,13.01,4,Blue,bot,Lwx,oe:player:ce76a8fc639b0cc96da48c76bc0bbeb,FunPlus Phoenix,oe:team:33d17f3717f58e12a3da80b377221fb,Lucian,Maokai,Elise,Zeri,Renekton,Jayce,,,,,,1759,0,6,3,2,9,21,,,,,,0,,,0.3070,1.0233,,,,,,,,,,,,,,,,,,,,,,,,,,,,,,,,,,22479,766.7652,0.431559,618.8971,,12,0.4093,8,0.2729,2,27,0.9210,13845,9981,340.4548,0.355081,13674,,,288,272,16,16,0,9.8238,,,,,,,,,,,,,,,,,,,,,,,,,,,,,,,,,,,,,,,,,,,,,,,,,,,,,,,,,,,,
C:\Users\Ricky Won\Documents\Cursor\lolfa\data\2023.csv:16294:9736-9736_game_1,partial,https://lpl.qq.com/es/stats.shtml?bmid=9736,LPL,2023,Spring,0,2023-02-11 09:25:28,1,13.01,9,Red,bot,Lwx,oe:player:ce76a8fc639b0cc96da48c76bc0bbeb,FunPlus Phoenix,oe:team:33d17f3717f58e12a3da80b377221fb,Varus,Fiora,Jax,Irelia,Maokai,Sejuani,,,,,,2290,0,0,5,5,8,24,,,,,,0,,,0.2096,0.8384,,,,,,,,,,,,,,,,,,,,,,,,,,,,,,,,,,20155,528.0786,0.189112,476.3319,,15,0.3930,7,0.1834,5,27,0.7074,13732,8785,230.1747,0.242179,12229,,,348,321,27,26,0,9.1179,,,,,,,,,,,,,,,,,,,,,,,,,,,,,,,,,,,,,,,,,,,,,,,,,,,,,,,,,,,,
C:\Users\Ricky Won\Documents\Cursor\lolfa\data\2023.csv:16337:9736-9736_game_2,partial,https://lpl.qq.com/es/stats.shtml?bmid=9736,LPL,2023,Spring,0,2023-02-11 10:25:01,2,13.01,4,Blue,bot,Lwx,oe:player:ce76a8fc639b0cc96da48c76bc0bbeb,FunPlus Phoenix,oe:team:33d17f3717f58e12a3da80b377221fb,Sivir,Fiora,Lucian,Ashe,Sylas,,,,,,,1487,0,1,5,1,3,25,,,,,,0,,,0.1210,1.1298,,,,,,,,,,,,,,,,,,,,,,,,,,,,,,,,,,11361,458.4129,0.202646,574.7411,,8,0.3228,5,0.2017,1,13,0.5245,8531,5222,210.7061,0.255119,8385,,,195,191,4,4,0,7.8682,,,,,,,,,,,,,,,,,,,,,,,,,,,,,,,,,,,,,,,,,,,,,,,,,,,,,,,,,,,,
C:\Users\Ricky Won\Documents\Cursor\lolfa\data\2023.csv:19582:9747-9747_game_1,partial,https://lpl.qq.com/es/stats.shtml?bmid=9747,LPL,2023,Spring,0,2023-02-16 09:14:02,1,13.01,9,Red,bot,Lwx,oe:player:ce76a8fc639b0cc96da48c76bc0bbeb,FunPlus Phoenix,oe:team:33d17f3717f58e12a3da80b377221fb,Varus,Zeri,Lucian,Maokai,Jax,Ryze,,,,,,1889,0,0,3,3,4,12,,,,,,0,,,0.1271,0.5082,,,,,,,,,,,,,,,,,,,,,,,,,,,,,,,,,,20589,653.9651,0.3652,388.7136,,12,0.3812,9,0.2859,4,24,0.7623,10944,6815,216.4637,0.241121,10139,,,261,248,13,13,0,8.2901,,,,,,,,,,,,,,,,,,,,,,,,,,,,,,,,,,,,,,,,,,,,,,,,,,,,,,,,,,,,
C:\Users\Ricky Won\Documents\Cursor\lolfa\data\2023.csv:19601:9747-9747_game_2,partial,https://lpl.qq.com/es/stats.shtml?bmid=9747,LPL,2023,Spring,0,2023-02-16 10:06:49,2,13.01,4,Blue,bot,Lwx,oe:player:ce76a8fc639b0cc96da48c76bc0bbeb,FunPlus Phoenix,oe:team:33d17f3717f58e12a3da80b377221fb,Varus,Lucian,Jax,Ashe,Ryze,Fiora,,,,,,2504,0,6,3,4,13,14,,,,,,0,,,0.3115,0.6470,,,,,,,,,,,,,,,,,,,,,,,,,,,,,,,,,,47436,1136.6454,0.415536,387.9872,,14,0.3355,12,0.2875,4,56,1.3419,17920,12536,300.3834,0.288992,16359,,,353,328,25,25,0,8.4585,,,,,,,,,,,,,,,,,,,,,,,,,,,,,,,,,,,,,,,,,,,,,,,,,,,,,,,,,,,,
C:\Users\Ricky Won\Documents\Cursor\lolfa\data\2023.csv:22282:9754-9754_game_1,partial,https://lpl.qq.com/es/stats.shtml?bmid=9754,LPL,2023,Spring,0,2023-02-19 07:17:03,1,13.01,9,Red,bot,Lwx,oe:player:ce76a8fc639b0cc96da48c76bc0bbeb,FunPlus Phoenix,oe:team:33d17f3717f58e12a3da80b377221fb,Jhin,Elise,Maokai,Zeri,Jax,Sion,,,,,,2022,0,2,2,1,5,17,,,,,,0,,,0.1484,0.6528,,,,,,,,,,,,,,,,,,,,,,,,,,,,,,,,,,18392,545.7567,0.281552,535.9347,,14,0.4154,8,0.2374,5,33,0.9792,14165,9765,289.7626,0.322372,12369,,,330,318,12,8,4,9.7923,,,,,,,,,,,,,,,,,,,,,,,,,,,,,,,,,,,,,,,,,,,,,,,,,,,,,,,,,,,,
C:\Users\Ricky Won\Documents\Cursor\lolfa\data\2023.csv:22313:9754-9754_game_2,partial,https://lpl.qq.com/es/stats.shtml?bmid=9754,LPL,2023,Spring,0,2023-02-19 08:14:08,2,13.01,4,Blue,bot,Lwx,oe:player:ce76a8fc639b0cc96da48c76bc0bbeb,FunPlus Phoenix,oe:team:33d17f3717f58e12a3da80b377221fb,Caitlyn,Azir,Ashe,Renekton,Gragas,Fiora,,,,,,2608,0,6,1,5,12,7,,,,,,1,,,0.2761,0.4371,,,,,,,,,,,,,,,,,,,,,,,,,,,,,,,,,,22157,509.7469,0.330906,589.2791,,14,0.3221,23,0.5291,4,58,1.3344,20793,15197,349.6242,0.318068,20088,,,483,426,57,49,0,11.1120,,,,,,,,,,,,,,,,,,,,,,,,,,,,,,,,,,,,,,,,,,,,,,,,,,,,,,,,,,,,
C:\Users\Ricky Won\Documents\Cursor\lolfa\data\2023.csv:24298:9761-9761_game_1,partial,https://lpl.qq.com/es/stats.shtml?bmid=9761,LPL,2023,Spring,0,2023-02-22 09:15:47,1,13.03,9,Red,bot,Lwx,oe:player:ce76a8fc639b0cc96da48c76bc0bbeb,FunPlus Phoenix,oe:team:33d17f3717f58e12a3da80b377221fb,Lucian,Gragas,Maokai,Renekton,Jayce,Tristana,,,,,,1817,0,1,3,2,7,14,,,,,,0,,,0.2312,0.6935,,,,,,,,,,,,,,,,,,,,,,,,,,,,,,,,,,13066,431.4584,0.263904,697.9747,,0,0.0000,14,0.4623,2,27,0.8916,11340,7358,242.9719,0.237778,10445,,,258,242,16,16,0,8.5195,,,,,,,,,,,,,,,,,,,,,,,,,,,,,,,,,,,,,,,,,,,,,,,,,,,,,,,,,,,,
C:\Users\Ricky Won\Documents\Cursor\lolfa\data\2023.csv:24317:9761-9761_game_2,partial,https://lpl.qq.com/es/stats.shtml?bmid=9761,LPL,2023,Spring,0,2023-02-22 10:07:40,2,13.03,4,Blue,bot,Lwx,oe:player:ce76a8fc639b0cc96da48c76bc0bbeb,FunPlus Phoenix,oe:team:33d17f3717f58e12a3da80b377221fb,Lucian,Gragas,Jayce,Renekton,LeBlanc,Kassadin,,,,,,1120,0,0,6,2,4,23,,,,,,0,,,0.2143,1.4464,,,,,,,,,,,,,,,,,,,,,,,,,,,,,,,,,,11403,610.8750,0.327772,732.1607,,0,0.0000,5,0.2679,0,13,0.6964,5867,3307,177.1607,0.249649,5765,,,141,141,0,0,0,7.5536,,,,,,,,,,,,,,,,,,,,,,,,,,,,,,,,,,,,,,,,,,,,,,,,,,,,,,,,,,,,
C:\Users\Ricky Won\Documents\Cursor\lolfa\data\2023.csv:27557:9768-9768_game_1,partial,https://lpl.qq.com/es/stats.shtml?bmid=9768,LPL,2023,Spring,0,2023-02-26 07:15:41,1,13.03,4,Blue,bot,Lwx,oe:player:ce76a8fc639b0cc96da48c76bc0bbeb,FunPlus Phoenix,oe:team:33d17f3717f58e12a3da80b377221fb,Jhin,Draven,Nidalee,Elise,Gnar,Gragas,,,,,,1877,1,6,1,11,19,12,,,,,,0,,,0.6074,0.9909,,,,,,,,,,,,,,,,,,,,,,,,,,,,,,,,,,25063,801.1614,0.284146,410.3463,,0,0.0000,5,0.1598,5,25,0.7991,14832,10727,342.8982,0.261326,12489,,,302,279,23,19,0,9.6537,,,,,,,,,,,,,,,,,,,,,,,,,,,,,,,,,,,,,,,,,,,,,,,,,,,,,,,,,,,,
C:\Users\Ricky Won\Documents\Cursor\lolfa\data\2023.csv:27605:9768-9768_game_2,partial,https://lpl.qq.com/es/stats.shtml?bmid=9768,LPL,2023,Spring,0,2023-02-26 08:08:54,2,13.03,4,Blue,bot,Lwx,oe:player:ce76a8fc639b0cc96da48c76bc0bbeb,FunPlus Phoenix,oe:team:33d17f3717f58e12a3da80b377221fb,Jhin,Draven,Nidalee,Elise,Gnar,Gragas,,,,,,1837,0,0,0,2,4,6,,,,,,0,,,0.1306,0.3266,,,,,,,,,,,,,,,,,,,,,,,,,,,,,,,,,,12908,421.6004,0.295466,250.9418,,0,0.0000,5,0.1633,4,28,0.9145,11128,7105,232.0631,0.233687,10790,,,296,284,12,12,0,9.6679,,,,,,,,,,,,,,,,,,,,,,,,,,,,,,,,,,,,,,,,,,,,,,,,,,,,,,,,,,,,
C:\Users\Ricky Won\Documents\Cursor\lolfa\data\2023.csv:27617:9768-9768_game_3,partial,https://lpl.qq.com/es/stats.shtml?bmid=9768,LPL,2023,Spring,0,2023-02-26 08:57:57,3,13.03,4,Blue,bot,Lwx,oe:player:ce76a8fc639b0cc96da48c76bc0bbeb,FunPlus Phoenix,oe:team:33d17f3717f58e12a3da80b377221fb,Jhin,Draven,Nidalee,Yone,Sion,Gnar,,,,,,1807,0,3,0,2,6,15,,,,,,0,,,0.1992,0.6973,,,,,,,,,,,,,,,,,,,,,,,,,,,,,,,,,,12482,414.4549,0.244818,400.9076,,0,0.0000,4,0.1328,4,24,0.7969,11245,7283,241.8262,0.280794,11120,,,275,247,28,28,0,9.1312,,,,,,,,,,,,,,,,,,,,,,,,,,,,,,,,,,,,,,,,,,,,,,,,,,,,,,,,,,,,
C:\Users\Ricky Won\Documents\Cursor\lolfa\data\2023.csv:30389:9937-9937_game_1,partial,https://lpl.qq.com/es/stats.shtml?bmid=9937,LPL,2023,Spring,0,2023-03-02 09:21:21,1,13.04,4,Blue,bot,Lwx,oe:player:ce76a8fc639b0cc96da48c76bc0bbeb,FunPlus Phoenix,oe:team:33d17f3717f58e12a3da80b377221fb,Lucian,Ashe,Jayce,Elise,Kassadin,Gwen,,,,,,1914,0,2,3,3,6,13,,,,,,0,,,0.1881,0.5956,,,,,,,,,,,,,,,,,,,,,,,,,,,,,,,,,,14110,442.3197,0.25518,451.3793,,14,0.4389,13,0.4075,5,42,1.3166,13971,9791,306.9279,0.322213,13109,,,313,285,28,27,0,9.8119,,,,,,,,,,,,,,,,,,,,,,,,,,,,,,,,,,,,,,,,,,,,,,,,,,,,,,,,,,,,
C:\Users\Ricky Won\Documents\Cursor\lolfa\data\2023.csv:30425:9937-9937_game_2,partial,https://lpl.qq.com/es/stats.shtml?bmid=9937,LPL,2023,Spring,0,2023-03-02 10:12:33,2,13.04,4,Blue,bot,Lwx,oe:player:ce76a8fc639b0cc96da48c76bc0bbeb,FunPlus Phoenix,oe:team:33d17f3717f58e12a3da80b377221fb,Zeri,Ashe,Jayce,Elise,Kassadin,Veigar,,,,,,1925,1,8,1,9,22,9,,,,,,0,,,0.6857,0.9662,,,,,,,,,,,,,,,,,,,,,,,,,,,,,,,,,,28289,881.7351,0.300092,537.7870,,16,0.4987,25,0.7792,7,72,2.2442,17056,12853,400.6130,0.313781,14874,,,325,289,36,30,2,10.1299,,,,,,,,,,,,,,,,,,,,,,,,,,,,,,,,,,,,,,,,,,,,,,,,,,,,,,,,,,,,
C:\Users\Ricky Won\Documents\Cursor\lolfa\data\2023.csv:30461:9937-9937_game_3,partial,https://lpl.qq.com/es/stats.shtml?bmid=9937,LPL,2023,Spring,0,2023-03-02 11:04:31,3,13.04,4,Blue,bot,Lwx,oe:player:ce76a8fc639b0cc96da48c76bc0bbeb,FunPlus Phoenix,oe:team:33d17f3717f58e12a3da80b377221fb,Aphelios,Ashe,Jayce,Elise,Jax,Heimerdinger,,,,,,2071,0,0,3,4,9,17,,,,,,0,,,0.2607,0.7533,,,,,,,,,,,,,,,,,,,,,,,,,,,,,,,,,,10304,298.5225,0.187659,329.4061,,13,0.3766,18,0.5215,4,43,1.2458,14787,10287,298.0299,0.274881,13404,,,415,350,65,60,0,12.0232,,,,,,,,,,,,,,,,,,,,,,,,,,,,,,,,,,,,,,,,,,,,,,,,,,,,,,,,,,,,
C:\Users\Ricky Won\Documents\Cursor\lolfa\data\2023.csv:33490:9946-9946_game_1,partial,https://lpl.qq.com/es/stats.shtml?bmid=9946,LPL,2023,Spring,0,2023-03-05 11:15:03,1,13.04,9,Red,bot,Lwx,oe:player:ce76a8fc639b0cc96da48c76bc0bbeb,FunPlus Phoenix,oe:team:33d17f3717f58e12a3da80b377221fb,Xayah,Elise,Ashe,Maokai,Jax,Renekton,,,,,,1565,1,5,0,5,14,2,,,,,,0,,,0.5367,0.6134,,,,,,,,,,,,,,,,,,,,,,,,,,,,,,,,,,16259,623.3482,0.344569,381.6997,,11,0.4217,7,0.2684,3,27,1.0351,12991,9523,365.0990,0.268717,10939,,,275,263,12,12,0,10.5431,,,,,,,,,,,,,,,,,,,,,,,,,,,,,,,,,,,,,,,,,,,,,,,,,,,,,,,,,,,,
C:\Users\Ricky Won\Documents\Cursor\lolfa\data\2023.csv:33533:9946-9946_game_2,partial,https://lpl.qq.com/es/stats.shtml?bmid=9946,LPL,2023,Spring,0,2023-03-05 12:01:36,2,13.04,4,Blue,bot,Lwx,oe:player:ce76a8fc639b0cc96da48c76bc0bbeb,FunPlus Phoenix,oe:team:33d17f3717f58e12a3da80b377221fb,Zeri,Maokai,Ashe,Draven,Nidalee,Karma,,,,,,1630,1,10,1,2,17,11,,,,,,0,,,0.6258,1.0307,,,,,,,,,,,,,,,,,,,,,,,,,,,,,,,,,,20959,771.4969,0.386928,523.0307,,10,0.3681,7,0.2577,3,24,0.8834,14358,10757,395.9632,0.289522,12250,,,289,261,28,20,8,10.6380,,,,,,,,,,,,,,,,,,,,,,,,,,,,,,,,,,,,,,,,,,,,,,,,,,,,,,,,,,,,
C:\Users\Ricky Won\Documents\Cursor\lolfa\data\2023.csv:37841:9956-9956_game_1,partial,https://lpl.qq.com/es/stats.shtml?bmid=9956,LPL,2023,Spring,0,2023-03-10 11:16:47,1,13.04,4,Blue,bot,Lwx,oe:player:ce76a8fc639b0cc96da48c76bc0bbeb,FunPlus Phoenix,oe:team:33d17f3717f58e12a3da80b377221fb,Kai'Sa,Akali,Wukong,Aphelios,Ashe,Renata Glasc,,,,,,2005,0,2,4,5,9,17,,,,,,0,,,0.2693,0.7781,,,,,,,,,,,,,,,,,,,,,,,,,,,,,,,,,,12174,364.3092,0.253327,413.2070,,11,0.3292,18,0.5387,2,33,0.9875,14399,10033,300.2394,0.286238,13959,,,364,321,43,43,0,10.8928,,,,,,,,,,,,,,,,,,,,,,,,,,,,,,,,,,,,,,,,,,,,,,,,,,,,,,,,,,,,
C:\Users\Ricky Won\Documents\Cursor\lolfa\data\2023.csv:37882:9956-9956_game_2,partial,https://lpl.qq.com/es/stats.shtml?bmid=9956,LPL,2023,Spring,0,2023-03-10 12:09:58,2,13.04,9,Red,bot,Lwx,oe:player:ce76a8fc639b0cc96da48c76bc0bbeb,FunPlus Phoenix,oe:team:33d17f3717f58e12a3da80b377221fb,Xayah,Akali,Yone,Aphelios,Gragas,Poppy,,,,,,1889,1,7,2,3,13,9,,,,,,0,,,0.4129,0.6670,,,,,,,,,,,,,,,,,,,,,,,,,,,,,,,,,,25002,794.1345,0.359962,433.6263,,13,0.4129,18,0.5717,4,37,1.1752,16308,12179,386.8396,0.338798,13620,,,360,336,24,20,0,11.4346,,,,,,,,,,,,,,,,,,,,,,,,,,,,,,,,,,,,,,,,,,,,,,,,,,,,,,,,,,,,
C:\Users\Ricky Won\Documents\Cursor\lolfa\data\2023.csv:37937:9956-9956_game_3,partial,https://lpl.qq.com/es/stats.shtml?bmid=9956,LPL,2023,Spring,0,2023-03-10 13:00:42,3,13.04,4,Blue,bot,Lwx,oe:player:ce76a8fc639b0cc96da48c76bc0bbeb,FunPlus Phoenix,oe:team:33d17f3717f58e12a3da80b377221fb,Xayah,Akali,Yone,Aphelios,LeBlanc,Sylas,,,,,,1536,0,1,4,2,4,18,,,,,,0,,,0.1563,0.8594,,,,,,,,,,,,,,,,,,,,,,,,,,,,,,,,,,11618,453.8281,0.277974,455.0391,,8,0.3125,14,0.5469,2,27,1.0547,10174,6765,264.2578,0.301377,9540,,,286,263,23,23,0,11.1719,,,,,,,,,,,,,,,,,,,,,,,,,,,,,,,,,,,,,,,,,,,,,,,,,,,,,,,,,,,,
C:\Users\Ricky Won\Documents\Cursor\lolfa\data\2023.csv:39557:9961-9961_game_1,partial,https://lpl.qq.com/es/stats.shtml?bmid=9961,LPL,2023,Spring,0,2023-03-12 09:28:25,1,13.04,4,Blue,bot,Lwx,oe:player:ce76a8fc639b0cc96da48c76bc0bbeb,FunPlus Phoenix,oe:team:33d17f3717f58e12a3da80b377221fb,Veigar,Jax,Jayce,Renekton,LeBlanc,Viego,,,,,,1794,1,9,0,6,18,2,,,,,,0,,,0.6020,0.6689,,,,,,,,,,,,,,,,,,,,,,,,,,,,,,,,,,22910,766.2207,0.319472,463.7458,,11,0.3679,4,0.1338,4,30,1.0033,14289,10354,346.2876,0.281027,11320,,,292,270,22,22,0,9.7659,,,,,,,,,,,,,,,,,,,,,,,,,,,,,,,,,,,,,,,,,,,,,,,,,,,,,,,,,,,,
C:\Users\Ricky Won\Documents\Cursor\lolfa\data\2023.csv:39634:9961-9961_game_2,partial,https://lpl.qq.com/es/stats.shtml?bmid=9961,LPL,2023,Spring,0,2023-03-12 10:18:03,2,13.04,9,Red,bot,Lwx,oe:player:ce76a8fc639b0cc96da48c76bc0bbeb,FunPlus Phoenix,oe:team:33d17f3717f58e12a3da80b377221fb,Zeri,Jax,Jayce,Renekton,Gwen,Ashe,,,,,,2308,1,6,1,13,22,6,,,,,,0,,,0.5719,0.7279,,,,,,,,,,,,,,,,,,,,,,,,,,,,,,,,,,22935,596.2305,0.347393,264.6707,,15,0.3899,19,0.4939,3,69,1.7938,19357,14373,373.6482,0.290398,17424,,,410,353,57,38,14,10.6586,,,,,,,,,,,,,,,,,,,,,,,,,,,,,,,,,,,,,,,,,,,,,,,,,,,,,,,,,,,,
C:\Users\Ricky Won\Documents\Cursor\lolfa\data\2023.csv:43606:9971-9971_game_1,partial,https://lpl.qq.com/es/stats.shtml?bmid=9971,LPL,2023,Spring,0,2023-03-17 09:22:01,1,13.05,9,Red,bot,Lwx,oe:player:ce76a8fc639b0cc96da48c76bc0bbeb,FunPlus Phoenix,oe:team:33d17f3717f58e12a3da80b377221fb,Veigar,Lee Sin,Elise,Zeri,LeBlanc,Ahri,,,,,,2269,0,1,3,4,12,24,,,,,,0,,,0.3173,0.9520,,,,,,,,,,,,,,,,,,,,,,,,,,,,,,,,,,18321,484.4689,0.286429,523.6580,,15,0.3967,15,0.3967,4,47,1.2428,14538,9634,254.7554,0.246844,13434,,,369,318,51,44,0,9.7576,,,,,,,,,,,,,,,,,,,,,,,,,,,,,,,,,,,,,,,,,,,,,,,,,,,,,,,,,,,,
C:\Users\Ricky Won\Documents\Cursor\lolfa\data\2023.csv:43637:9971-9971_game_2,partial,https://lpl.qq.com/es/stats.shtml?bmid=9971,LPL,2023,Spring,0,2023-03-17 10:19:47,2,13.05,4,Blue,bot,Lwx,oe:player:ce76a8fc639b0cc96da48c76bc0bbeb,FunPlus Phoenix,oe:team:33d17f3717f58e12a3da80b377221fb,Jinx,Jax,LeBlanc,Rumble,Kennen,Xayah,,,,,,1827,0,1,6,2,7,16,,,,,,0,,,0.2299,0.7553,,,,,,,,,,,,,,,,,,,,,,,,,,,,,,,,,,15607,512.5452,0.269656,524.4335,,24,0.7882,12,0.3941,3,48,1.5764,12720,8717,286.2726,0.24698,11655,,,295,267,28,25,0,9.6880,,,,,,,,,,,,,,,,,,,,,,,,,,,,,,,,,,,,,,,,,,,,,,,,,,,,,,,,,,,,
C:\Users\Ricky Won\Documents\Cursor\lolfa\data\2023.csv:45293:9976-9976_game_1,partial,https://lpl.qq.com/es/stats.shtml?bmid=9976,LPL,2023,Spring,0,2023-03-19 09:15:26,1,13.05,4,Blue,bot,Lwx,oe:player:ce76a8fc639b0cc96da48c76bc0bbeb,FunPlus Phoenix,oe:team:33d17f3717f58e12a3da80b377221fb,Aphelios,Jayce,Jax,Vi,Fiora,Azir,,,,,,2402,1,2,4,13,25,12,,,,,,0,,,0.6245,0.9242,,,,,,,,,,,,,,,,,,,,,,,,,,,,,,,,,,25989,649.1840,0.234015,394.9459,,32,0.7993,17,0.4246,5,73,1.8235,17409,12233,305.5704,0.233649,16949,,,387,335,52,41,0,9.6669,,,,,,,,,,,,,,,,,,,,,,,,,,,,,,,,,,,,,,,,,,,,,,,,,,,,,,,,,,,,
C:\Users\Ricky Won\Documents\Cursor\lolfa\data\2023.csv:45334:9976-9976_game_2,partial,https://lpl.qq.com/es/stats.shtml?bmid=9976,LPL,2023,Spring,0,2023-03-19 10:17:22,2,13.05,9,Red,bot,Lwx,oe:player:ce76a8fc639b0cc96da48c76bc0bbeb,FunPlus Phoenix,oe:team:33d17f3717f58e12a3da80b377221fb,Zeri,Jayce,Vi,LeBlanc,Kennen,Fiora,,,,,,1503,0,3,4,1,5,16,,,,,,0,,,0.1996,0.8383,,,,,,,,,,,,,,,,,,,,,,,,,,,,,,,,,,9728,388.3433,0.315837,580.6786,,9,0.3593,6,0.2395,4,22,0.8782,9897,6555,261.6766,0.294468,9750,,,204,204,0,0,0,8.1437,,,,,,,,,,,,,,,,,,,,,,,,,,,,,,,,,,,,,,,,,,,,,,,,,,,,,,,,,,,,
C:\Users\Ricky Won\Documents\Cursor\lolfa\data\2023.csv:45353:9976-9976_game_3,partial,https://lpl.qq.com/es/stats.shtml?bmid=9976,LPL,2023,Spring,0,2023-03-19 11:04:43,3,13.05,4,Blue,bot,Lwx,oe:player:ce76a8fc639b0cc96da48c76bc0bbeb,FunPlus Phoenix,oe:team:33d17f3717f58e12a3da80b377221fb,Xayah,Jayce,Vi,Jax,Fiora,Gnar,,,,,,1652,1,11,0,8,20,4,,,,,,0,,,0.7264,0.8717,,,,,,,,,,,,,,,,,,,,,,,,,,,,,,,,,,16399,595.6053,0.31953,306.3923,,14,0.5085,15,0.5448,4,52,1.8886,16176,12530,455.0847,0.335164,14510,,,299,271,28,16,4,10.8596,,,,,,,,,,,,,,,,,,,,,,,,,,,,,,,,,,,,,,,,,,,,,,,,,,,,,,,,,,,,
C:\Users\Ricky Won\Documents\Cursor\lolfa\data\2023.csv:47729:9985-9985_game_1,partial,https://lpl.qq.com/es/stats.shtml?bmid=9985,LPL,2023,Spring,0,2023-03-23 12:07:03,1,13.05,4,Blue,bot,Lwx,oe:player:ce76a8fc639b0cc96da48c76bc0bbeb,FunPlus Phoenix,oe:team:33d17f3717f58e12a3da80b377221fb,Xayah,LeBlanc,Jayce,Syndra,Ahri,Kennen,,,,,,2033,0,2,3,1,6,16,,,,,,0,,,0.1771,0.6493,,,,,,,,,,,,,,,,,,,,,,,,,,,,,,,,,,15164,447.5357,0.317403,437.1471,,14,0.4132,12,0.3542,5,38,1.1215,13795,9372,276.5962,0.284128,13274,,,356,331,25,25,0,10.5066,,,,,,,,,,,,,,,,,,,,,,,,,,,,,,,,,,,,,,,,,,,,,,,,,,,,,,,,,,,,
C:\Users\Ricky Won\Documents\Cursor\lolfa\data\2023.csv:47758:9985-9985_game_2,partial,https://lpl.qq.com/es/stats.shtml?bmid=9985,LPL,2023,Spring,0,2023-03-23 13:00:33,2,13.05,9,Red,bot,Lwx,oe:player:ce76a8fc639b0cc96da48c76bc0bbeb,FunPlus Phoenix,oe:team:33d17f3717f58e12a3da80b377221fb,Zeri,Jayce,LeBlanc,Vi,Kennen,Aurelion Sol,,,,,,2304,0,7,5,1,14,21,,,,,,0,,,0.3646,0.9115,,,,,,,,,,,,,,,,,,,,,,,,,,,,,,,,,,27534,717.0313,0.319136,684.2708,,15,0.3906,23,0.5990,5,66,1.7188,17360,12384,322.5000,0.30055,16424,,,376,334,42,33,4,9.7917,,,,,,,,,,,,,,,,,,,,,,,,,,,,,,,,,,,,,,,,,,,,,,,,,,,,,,,,,,,,
C:\Users\Ricky Won\Documents\Cursor\lolfa\data\2023.csv:64721:10150-10150_game_1,partial,https://lpl.qq.com/es/stats.shtml?bmid=10150,LPL,2023,Summer,0,2023-05-29 12:20:29,1,13.10,4,Blue,bot,Lwx,oe:player:ce76a8fc639b0cc96da48c76bc0bbeb,FunPlus Phoenix,oe:team:33d17f3717f58e12a3da80b377221fb,Zeri,Jayce,Syndra,Milio,Poppy,Viego,,,,,,1717,1,11,1,8,20,5,,,,,,1,,,0.6989,0.8736,,,,,,,,,,,,,,,,,,,,,,,,,,,,,,,,,,24820,867.3267,0.348022,765.3582,,9,0.3145,15,0.5242,2,35,1.2231,15974,12196,426.1852,0.323163,14767,,,308,280,28,23,1,10.7630,,,,,,,,,,,,,,,,,,,,,,,,,,,,,,,,,,,,,,,,,,,,,,,,,,,,,,,,,,,,
C:\Users\Ricky Won\Documents\Cursor\lolfa\data\2023.csv:64733:10150-10150_game_2,partial,https://lpl.qq.com/es/stats.shtml?bmid=10150,LPL,2023,Summer,0,2023-05-29 13:08:22,2,13.10,4,Blue,bot,Lwx,oe:player:ce76a8fc639b0cc96da48c76bc0bbeb,FunPlus Phoenix,oe:team:33d17f3717f58e12a3da80b377221fb,Lucian,Jayce,Milio,Syndra,Poppy,Wukong,,,,,,1474,1,2,0,2,5,4,,,,,,0,,,0.2035,0.3664,,,,,,,,,,,,,,,,,,,,,,,,,,,,,,,,,,8886,361.7096,0.218532,362.0353,,12,0.4885,6,0.2442,4,27,1.0991,10515,7232,294.3826,0.256905,9115,,,223,215,8,8,0,9.0773,,,,,,,,,,,,,,,,,,,,,,,,,,,,,,,,,,,,,,,,,,,,,,,,,,,,,,,,,,,,
C:\Users\Ricky Won\Documents\Cursor\lolfa\data\2023.csv:65801:10159-10159_game_1,partial,https://lpl.qq.com/es/stats.shtml?bmid=10159,LPL,2023,Summer,0,2023-06-02 12:42:23,1,13.10,4,Blue,bot,Lwx,oe:player:ce76a8fc639b0cc96da48c76bc0bbeb,FunPlus Phoenix,oe:team:33d17f3717f58e12a3da80b377221fb,Aphelios,Jayce,Neeko,Vi,Rakan,Gwen,,,,,,1470,0,0,3,0,1,11,,,,,,0,,,0.0408,0.4898,,,,,,,,,,,,,,,,,,,,,,,,,,,,,,,,,,5665,231.2245,0.198629,380.7347,,6,0.2449,8,0.3265,0,23,0.9388,9214,5940,242.4490,0.293546,9140,,,254,237,17,15,0,10.3673,,,,,,,,,,,,,,,,,,,,,,,,,,,,,,,,,,,,,,,,,,,,,,,,,,,,,,,,,,,,
C:\Users\Ricky Won\Documents\Cursor\lolfa\data\2023.csv:65813:10159-10159_game_2,partial,https://lpl.qq.com/es/stats.shtml?bmid=10159,LPL,2023,Summer,0,2023-06-02 13:27:25,2,13.10,4,Blue,bot,Lwx,oe:player:ce76a8fc639b0cc96da48c76bc0bbeb,FunPlus Phoenix,oe:team:33d17f3717f58e12a3da80b377221fb,Jinx,Jayce,Gwen,Wukong,Rakan,Lulu,,,,,,1747,0,1,3,1,2,15,,,,,,0,,,0.0687,0.5839,,,,,,,,,,,,,,,,,,,,,,,,,,,,,,,,,,9914,340.4923,0.251478,404.4076,,7,0.2404,13,0.4465,3,34,1.1677,12250,8411,288.8724,0.323064,11575,,,328,289,39,38,0,11.2650,,,,,,,,,,,,,,,,,,,,,,,,,,,,,,,,,,,,,,,,,,,,,,,,,,,,,,,,,,,,
C:\Users\Ricky Won\Documents\Cursor\lolfa\data\2023.csv:68386:10173-10173_game_1,partial,https://lpl.qq.com/es/stats.shtml?bmid=10173,LPL,2023,Summer,0,2023-06-08 07:15:27,1,13.10,9,Red,bot,Lwx,oe:player:ce76a8fc639b0cc96da48c76bc0bbeb,FunPlus Phoenix,oe:team:33d17f3717f58e12a3da80b377221fb,Aphelios,Milio,K'Sante,Nocturne,Wukong,Viego,,,,,,1755,0,4,7,1,10,23,,,,,,0,,,0.3419,1.1282,,,,,,,,,,,,,,,,,,,,,,,,,,,,,,,,,,15857,542.1197,0.268022,497.2991,,10,0.3419,10,0.3419,3,31,1.0598,11727,7871,269.0940,0.253926,11290,,,233,215,18,18,0,7.9658,,,,,,,,,,,,,,,,,,,,,,,,,,,,,,,,,,,,,,,,,,,,,,,,,,,,,,,,,,,,
C:\Users\Ricky Won\Documents\Cursor\lolfa\data\2023.csv:68398:10173-10173_game_2,partial,https://lpl.qq.com/es/stats.shtml?bmid=10173,LPL,2023,Summer,0,2023-06-08 08:03:46,2,13.10,9,Red,bot,Lwx,oe:player:ce76a8fc639b0cc96da48c76bc0bbeb,FunPlus Phoenix,oe:team:33d17f3717f58e12a3da80b377221fb,Aphelios,Milio,K'Sante,Xayah,Lulu,Tahm Kench,,,,,,2219,0,9,5,2,13,22,,,,,,1,,,0.3515,0.9464,,,,,,,,,,,,,,,,,,,,,,,,,,,,,,,,,,24035,649.8873,0.313465,450.5813,,11,0.2974,9,0.2434,3,29,0.7841,19391,14589,394.4750,0.358362,17984,,,375,348,27,23,0,10.1397,,,,,,,,,,,,,,,,,,,,,,,,,,,,,,,,,,,,,,,,,,,,,,,,,,,,,,,,,,,,
C:\Users\Ricky Won\Documents\Cursor\lolfa\data\2023.csv:70325:10182-10182_game_1,partial,https://lpl.qq.com/es/stats.shtml?bmid=10182,LPL,2023,Summer,0,2023-06-11 07:16:01,1,13.10,4,Blue,bot,Lwx,oe:player:ce76a8fc639b0cc96da48c76bc0bbeb,FunPlus Phoenix,oe:team:33d17f3717f58e12a3da80b377221fb,Jinx,K'Sante,Vi,Annie,Gnar,Aatrox,,,,,,1507,0,0,4,4,4,18,,,,,,0,,,0.1593,0.8759,,,,,,,,,,,,,,,,,,,,,,,,,,,,,,,,,,16141,642.6410,0.412896,516.0717,,8,0.3185,9,0.3583,2,25,0.9954,9497,6147,244.7379,0.276106,9315,,,234,216,18,18,0,9.3165,,,,,,,,,,,,,,,,,,,,,,,,,,,,,,,,,,,,,,,,,,,,,,,,,,,,,,,,,,,,
C:\Users\Ricky Won\Documents\Cursor\lolfa\data\2023.csv:70354:10182-10182_game_2,partial,https://lpl.qq.com/es/stats.shtml?bmid=10182,LPL,2023,Summer,0,2023-06-11 08:02:03,2,13.10,9,Red,bot,Lwx,oe:player:ce76a8fc639b0cc96da48c76bc0bbeb,FunPlus Phoenix,oe:team:33d17f3717f58e12a3da80b377221fb,Aphelios,K'Sante,Neeko,Annie,Rakan,Nautilus,,,,,,2415,1,8,3,3,13,13,,,,,,0,,,0.3230,0.6460,,,,,,,,,,,,,,,,,,,,,,,,,,,,,,,,,,55161,1370.4596,0.474884,632.6708,,12,0.2981,23,0.5714,4,55,1.3665,20701,15499,385.0683,0.319715,17909,,,412,365,47,37,6,10.2360,,,,,,,,,,,,,,,,,,,,,,,,,,,,,,,,,,,,,,,,,,,,,,,,,,,,,,,,,,,,
C:\Users\Ricky Won\Documents\Cursor\lolfa\data\2023.csv:70385:10182-10182_game_3,partial,https://lpl.qq.com/es/stats.shtml?bmid=10182,LPL,2023,Summer,0,2023-06-11 09:03:49,3,13.10,4,Blue,bot,Lwx,oe:player:ce76a8fc639b0cc96da48c76bc0bbeb,FunPlus Phoenix,oe:team:33d17f3717f58e12a3da80b377221fb,Xayah,K'Sante,Annie,Vi,Wukong,Kha'Zix,,,,,,1969,0,5,1,3,8,12,,,,,,0,,,0.2438,0.6094,,,,,,,,,,,,,,,,,,,,,,,,,,,,,,,,,,15172,462.3261,0.269726,382.9152,,15,0.4571,19,0.5790,5,48,1.4627,14353,10061,306.5820,0.323335,13999,,,337,311,26,16,2,10.2692,,,,,,,,,,,,,,,,,,,,,,,,,,,,,,,,,,,,,,,,,,,,,,,,,,,,,,,,,,,,
C:\Users\Ricky Won\Documents\Cursor\lolfa\data\2023.csv:72250:10191-10191_game_1,partial,https://lpl.qq.com/es/stats.shtml?bmid=10191,LPL,2023,Summer,0,2023-06-14 12:41:38,1,13.11,9,Red,bot,Lwx,oe:player:ce76a8fc639b0cc96da48c76bc0bbeb,FunPlus Phoenix,oe:team:33d17f3717f58e12a3da80b377221fb,Xayah,Neeko,K'Sante,Lucian,Ahri,LeBlanc,,,,,,1560,0,1,3,1,3,12,,,,,,0,,,0.1154,0.5769,,,,,,,,,,,,,,,,,,,,,,,,,,,,,,,,,,9218,354.5385,0.241553,435.7308,,7,0.2692,4,0.1538,1,19,0.7308,9112,5654,217.4615,0.266472,8805,,,243,235,8,8,0,9.3462,,,,,,,,,,,,,,,,,,,,,,,,,,,,,,,,,,,,,,,,,,,,,,,,,,,,,,,,,,,,
C:\Users\Ricky Won\Documents\Cursor\lolfa\data\2023.csv:72257:10191-10191_game_2,partial,https://lpl.qq.com/es/stats.shtml?bmid=10191,LPL,2023,Summer,0,2023-06-14 13:28:04,2,13.11,4,Blue,bot,Lwx,oe:player:ce76a8fc639b0cc96da48c76bc0bbeb,FunPlus Phoenix,oe:team:33d17f3717f58e12a3da80b377221fb,Jinx,K'Sante,Syndra,Annie,Sion,Kha'Zix,,,,,,1661,0,4,4,2,7,17,,,,,,0,,,0.2529,0.8669,,,,,,,,,,,,,,,,,,,,,,,,,,,,,,,,,,14089,508.9344,0.319429,662.2757,,8,0.2890,4,0.1445,3,19,0.6863,12238,8574,309.7170,0.317874,11935,,,279,256,23,23,0,10.0783,,,,,,,,,,,,,,,,,,,,,,,,,,,,,,,,,,,,,,,,,,,,,,,,,,,,,,,,,,,,
C:\Users\Ricky Won\Documents\Cursor\lolfa\data\2023.csv:73793:10196-10196_game_1,partial,https://lpl.qq.com/es/stats.shtml?bmid=10196,LPL,2023,Summer,0,2023-06-16 09:33:37,1,13.11,4,Blue,bot,Lwx,oe:player:ce76a8fc639b0cc96da48c76bc0bbeb,FunPlus Phoenix,oe:team:33d17f3717f58e12a3da80b377221fb,Xayah,Vi,K'Sante,Yuumi,Lulu,Gwen,,,,,,1866,0,1,4,4,7,18,,,,,,0,,,0.2251,0.8039,,,,,,,,,,,,,,,,,,,,,,,,,,,,,,,,,,27934,898.1994,0.473683,443.4405,,12,0.3859,9,0.2894,2,29,0.9325,12975,8893,285.9486,0.295452,11685,,,305,287,18,18,0,9.8071,,,,,,,,,,,,,,,,,,,,,,,,,,,,,,,,,,,,,,,,,,,,,,,,,,,,,,,,,,,,
C:\Users\Ricky Won\Documents\Cursor\lolfa\data\2023.csv:73810:10196-10196_game_2,partial,https://lpl.qq.com/es/stats.shtml?bmid=10196,LPL,2023,Summer,0,2023-06-16 10:23:52,2,13.11,9,Red,bot,Lwx,oe:player:ce76a8fc639b0cc96da48c76bc0bbeb,FunPlus Phoenix,oe:team:33d17f3717f58e12a3da80b377221fb,Jinx,Neeko,Vi,Yuumi,Kennen,Gragas,,,,,,2046,0,3,2,1,4,15,,,,,,0,,,0.1173,0.5572,,,,,,,,,,,,,,,,,,,,,,,,,,,,,,,,,,14534,426.2170,0.32512,412.6686,,9,0.2639,16,0.4692,2,28,0.8211,15686,11237,329.5308,0.357195,14964,,,369,342,27,27,0,10.8211,,,,,,,,,,,,,,,,,,,,,,,,,,,,,,,,,,,,,,,,,,,,,,,,,,,,,,,,,,,,
C:\Users\Ricky Won\Documents\Cursor\lolfa\data\2023.csv:76685:10207-10207_game_1,partial,https://lpl.qq.com/es/stats.shtml?bmid=10207,LPL,2023,Summer,0,2023-06-20 12:10:59,1,13.11,4,Blue,bot,Lwx,oe:player:ce76a8fc639b0cc96da48c76bc0bbeb,FunPlus Phoenix,oe:team:33d17f3717f58e12a3da80b377221fb,Varus,Vi,Jax,Yuumi,Gwen,Fiora,,,,,,1683,1,1,0,2,9,2,,,,,,0,,,0.3209,0.3922,,,,,,,,,,,,,,,,,,,,,,,,,,,,,,,,,,19756,704.3137,0.353887,143.4938,,13,0.4635,9,0.3209,5,31,1.1052,12035,8326,296.8271,0.229429,11120,,,271,264,7,4,3,9.6613,,,,,,,,,,,,,,,,,,,,,,,,,,,,,,,,,,,,,,,,,,,,,,,,,,,,,,,,,,,,
C:\Users\Ricky Won\Documents\Cursor\lolfa\data\2023.csv:76714:10207-10207_game_2,partial,https://lpl.qq.com/es/stats.shtml?bmid=10207,LPL,2023,Summer,0,2023-06-20 12:57:42,2,13.11,9,Red,bot,Lwx,oe:player:ce76a8fc639b0cc96da48c76bc0bbeb,FunPlus Phoenix,oe:team:33d17f3717f58e12a3da80b377221fb,Aphelios,Neeko,Vi,Maokai,Poppy,Volibear,,,,,,2558,1,6,4,6,16,18,,,,,,0,,,0.3753,0.7975,,,,,,,,,,,,,,,,,,,,,,,,,,,,,,,,,,34281,804.0891,0.311003,516.5207,,14,0.3284,21,0.4926,0,51,1.1962,20907,15413,361.5246,0.293782,17669,,,428,378,50,45,0,10.0391,,,,,,,,,,,,,,,,,,,,,,,,,,,,,,,,,,,,,,,,,,,,,,,,,,,,,,,,,,,,
C:\Users\Ricky Won\Documents\Cursor\lolfa\data\2023.csv:79054:10214-10214_game_1,partial,https://lpl.qq.com/es/stats.shtml?bmid=10214,LPL,2023,Summer,0,2023-06-23 07:14:58,1,13.11,9,Red,bot,Lwx,oe:player:ce76a8fc639b0cc96da48c76bc0bbeb,FunPlus Phoenix,oe:team:33d17f3717f58e12a3da80b377221fb,Aphelios,Neeko,Kindred,Milio,Renekton,Wukong,,,,,,1922,1,3,2,5,14,9,,,,,,0,,,0.4370,0.7180,,,,,,,,,,,,,,,,,,,,,,,,,,,,,,,,,,18824,587.6379,0.251515,245.0572,,14,0.4370,12,0.3746,4,46,1.4360,15590,11394,355.6920,0.259311,13519,,,309,269,40,28,12,9.6462,,,,,,,,,,,,,,,,,,,,,,,,,,,,,,,,,,,,,,,,,,,,,,,,,,,,,,,,,,,,
C:\Users\Ricky Won\Documents\Cursor\lolfa\data\2023.csv:79073:10214-10214_game_2,partial,https://lpl.qq.com/es/stats.shtml?bmid=10214,LPL,2023,Summer,0,2023-06-23 08:05:48,2,13.11,4,Blue,bot,Lwx,oe:player:ce76a8fc639b0cc96da48c76bc0bbeb,FunPlus Phoenix,oe:team:33d17f3717f58e12a3da80b377221fb,Aphelios,Kindred,Yuumi,Milio,Renekton,Wukong,,,,,,1639,1,6,1,3,15,6,,,,,,0,,,0.5491,0.7688,,,,,,,,,,,,,,,,,,,,,,,,,,,,,,,,,,15115,553.3252,0.2343,223.6364,,11,0.4027,9,0.3295,3,34,1.2447,12886,9267,339.2434,0.267571,12560,,,253,237,16,11,1,9.2617,,,,,,,,,,,,,,,,,,,,,,,,,,,,,,,,,,,,,,,,,,,,,,,,,,,,,,,,,,,,
C:\Users\Ricky Won\Documents\Cursor\lolfa\data\2023.csv:79973:10218-10218_game_1,partial,https://lpl.qq.com/es/stats.shtml?bmid=10218,LPL,2023,Summer,0,2023-06-24 09:15:14,1,13.11,4,Blue,bot,Lwx,oe:player:ce76a8fc639b0cc96da48c76bc0bbeb,FunPlus Phoenix,oe:team:33d17f3717f58e12a3da80b377221fb,Jinx,Lee Sin,Milio,Vi,Renekton,Kha'Zix,,,,,,2298,0,4,2,3,10,8,,,,,,0,,,0.2611,0.4700,,,,,,,,,,,,,,,,,,,,,,,,,,,,,,,,,,27740,724.2820,0.363404,596.9974,,12,0.3133,7,0.1828,1,33,0.8616,17893,12929,337.5718,0.307651,17429,,,399,337,62,55,0,10.4178,,,,,,,,,,,,,,,,,,,,,,,,,,,,,,,,,,,,,,,,,,,,,,,,,,,,,,,,,,,,
C:\Users\Ricky Won\Documents\Cursor\lolfa\data\2023.csv:80021:10218-10218_game_2,partial,https://lpl.qq.com/es/stats.shtml?bmid=10218,LPL,2023,Summer,0,2023-06-24 10:11:50,2,13.11,4,Blue,bot,Lwx,oe:player:ce76a8fc639b0cc96da48c76bc0bbeb,FunPlus Phoenix,oe:team:33d17f3717f58e12a3da80b377221fb,Jinx,Lee Sin,Milio,Vi,Kha'Zix,Gnar,,,,,,1478,1,8,0,4,13,2,,,,,,0,,,0.5277,0.6089,,,,,,,,,,,,,,,,,,,,,,,,,,,,,,,,,,21567,875.5210,0.440255,220.2300,,7,0.2842,12,0.4871,0,26,1.0555,13969,10678,433.4777,0.324426,12820,,,248,220,28,11,8,10.0677,,,,,,,,,,,,,,,,,,,,,,,,,,,,,,,,,,,,,,,,,,,,,,,,,,,,,,,,,,,,
C:\Users\Ricky Won\Documents\Cursor\lolfa\data\2023.csv:80045:10218-10218_game_3,partial,https://lpl.qq.com/es/stats.shtml?bmid=10218,LPL,2023,Summer,0,2023-06-24 10:53:09,3,13.11,4,Blue,bot,Lwx,oe:player:ce76a8fc639b0cc96da48c76bc0bbeb,FunPlus Phoenix,oe:team:33d17f3717f58e12a3da80b377221fb,Jinx,Lee Sin,Milio,Vi,Gnar,Kha'Zix,,,,,,2072,0,2,3,3,5,17,,,,,,0,,,0.1448,0.6371,,,,,,,,,,,,,,,,,,,,,,,,,,,,,,,,,,22864,662.0849,0.385907,405.4923,,10,0.2896,17,0.4923,3,41,1.1873,15451,10949,317.0560,0.319417,14414,,,385,356,29,29,0,11.1486,,,,,,,,,,,,,,,,,,,,,,,,,,,,,,,,,,,,,,,,,,,,,,,,,,,,,,,,,,,,
C:\Users\Ricky Won\Documents\Cursor\lolfa\data\2023.csv:82018:10322-10322_game_1,partial,https://lpl.qq.com/es/stats.shtml?bmid=10322,LPL,2023,Summer,0,2023-06-27 09:16:00,1,13.12,9,Red,bot,Lwx,oe:player:ce76a8fc639b0cc96da48c76bc0bbeb,FunPlus Phoenix,oe:team:33d17f3717f58e12a3da80b377221fb,Aphelios,Neeko,LeBlanc,Milio,Varus,Rakan,,,,,,1804,1,6,2,5,12,6,,,,,,0,,,0.3991,0.5987,,,,,,,,,,,,,,,,,,,,,,,,,,,,,,,,,,23141,769.6563,0.292069,518.4479,,9,0.2993,13,0.4324,1,28,0.9313,14717,10761,357.9047,0.298383,12305,,,304,281,23,19,0,10.1109,,,,,,,,,,,,,,,,,,,,,,,,,,,,,,,,,,,,,,,,,,,,,,,,,,,,,,,,,,,,
C:\Users\Ricky Won\Documents\Cursor\lolfa\data\2023.csv:82030:10322-10322_game_2,partial,https://lpl.qq.com/es/stats.shtml?bmid=10322,LPL,2023,Summer,0,2023-06-27 10:07:33,2,13.12,9,Red,bot,Lwx,oe:player:ce76a8fc639b0cc96da48c76bc0bbeb,FunPlus Phoenix,oe:team:33d17f3717f58e12a3da80b377221fb,Kai'Sa,Neeko,Jayce,Renekton,Poppy,Kennen,,,,,,1661,0,0,5,5,9,13,,,,,,0,,,0.3251,0.7947,,,,,,,,,,,,,,,,,,,,,,,,,,,,,,,,,,12400,447.9229,0.263371,559.0367,,10,0.3612,10,0.3612,1,17,0.6141,9711,6047,218.4347,0.207972,9040,,,239,234,5,5,0,8.6334,,,,,,,,,,,,,,,,,,,,,,,,,,,,,,,,,,,,,,,,,,,,,,,,,,,,,,,,,,,,
C:\Users\Ricky Won\Documents\Cursor\lolfa\data\2023.csv:82066:10322-10322_game_3,partial,https://lpl.qq.com/es/stats.shtml?bmid=10322,LPL,2023,Summer,0,2023-06-27 10:54:57,3,13.12,9,Red,bot,Lwx,oe:player:ce76a8fc639b0cc96da48c76bc0bbeb,FunPlus Phoenix,oe:team:33d17f3717f58e12a3da80b377221fb,Jinx,Neeko,LeBlanc,Jayce,Syndra,Lulu,,,,,,2103,1,4,2,11,16,12,,,,,,0,,,0.4565,0.7989,,,,,,,,,,,,,,,,,,,,,,,,,,,,,,,,,,26345,751.6405,0.355478,344.6220,,12,0.3424,15,0.4280,2,41,1.1698,16752,12186,347.6748,0.286585,14774,,,349,301,48,38,6,9.9572,,,,,,,,,,,,,,,,,,,,,,,,,,,,,,,,,,,,,,,,,,,,,,,,,,,,,,,,,,,,
C:\Users\Ricky Won\Documents\Cursor\lolfa\data\2023.csv:83614:10328-10328_game_1,partial,https://lpl.qq.com/es/stats.shtml?bmid=10328,LPL,2023,Summer,0,2023-06-29 09:23:51,1,13.12,9,Red,bot,Lwx,oe:player:ce76a8fc639b0cc96da48c76bc0bbeb,FunPlus Phoenix,oe:team:33d17f3717f58e12a3da80b377221fb,Aphelios,Neeko,Tristana,Vi,Rakan,Rell,,,,,,1921,1,6,1,5,14,5,,,,,,0,,,0.4373,0.5934,,,,,,,,,,,,,,,,,,,,,,,,,,,,,,,,,,16822,525.4138,0.260485,233.8470,,10,0.3123,13,0.4060,2,32,0.9995,16728,12534,391.4836,0.277686,14430,,,343,311,32,27,0,10.7132,,,,,,,,,,,,,,,,,,,,,,,,,,,,,,,,,,,,,,,,,,,,,,,,,,,,,,,,,,,,
C:\Users\Ricky Won\Documents\Cursor\lolfa\data\2023.csv:83645:10328-10328_game_2,partial,https://lpl.qq.com/es/stats.shtml?bmid=10328,LPL,2023,Summer,0,2023-06-29 10:13:40,2,13.12,4,Blue,bot,Lwx,oe:player:ce76a8fc639b0cc96da48c76bc0bbeb,FunPlus Phoenix,oe:team:33d17f3717f58e12a3da80b377221fb,Samira,Vi,Milio,Tristana,Poppy,Alistar,,,,,,1408,0,2,6,0,4,22,,,,,,0,,,0.1705,1.1080,,,,,,,,,,,,,,,,,,,,,,,,,,,,,,,,,,5455,232.4574,0.184049,513.4517,,7,0.2983,4,0.1705,1,19,0.8097,8419,5271,224.6165,0.257133,8290,,,206,200,6,5,0,8.7784,,,,,,,,,,,,,,,,,,,,,,,,,,,,,,,,,,,,,,,,,,,,,,,,,,,,,,,,,,,,
C:\Users\Ricky Won\Documents\Cursor\lolfa\data\2023.csv:83698:10328-10328_game_3,partial,https://lpl.qq.com/es/stats.shtml?bmid=10328,LPL,2023,Summer,0,2023-06-29 10:55:20,3,13.12,9,Red,bot,Lwx,oe:player:ce76a8fc639b0cc96da48c76bc0bbeb,FunPlus Phoenix,oe:team:33d17f3717f58e12a3da80b377221fb,Xayah,Neeko,Tristana,LeBlanc,Wukong,Poppy,,,,,,1576,0,2,4,3,8,27,,,,,,0,,,0.3046,1.3325,,,,,,,,,,,,,,,,,,,,,,,,,,,,,,,,,,12410,472.4619,0.244777,543.6929,,7,0.2665,7,0.2665,1,18,0.6853,11068,7577,288.4645,0.285499,10860,,,249,233,16,13,0,9.4797,,,,,,,,,,,,,,,,,,,,,,,,,,,,,,,,,,,,,,,,,,,,,,,,,,,,,,,,,,,,
C:\Users\Ricky Won\Documents\Cursor\lolfa\data\2023.csv:86422:10336-10336_game_1,partial,https://lpl.qq.com/es/stats.shtml?bmid=10336,LPL,2023,Summer,0,2023-07-02 07:15:51,1,13.12,9,Red,bot,Lwx,oe:player:ce76a8fc639b0cc96da48c76bc0bbeb,FunPlus Phoenix,oe:team:33d17f3717f58e12a3da80b377221fb,Kai'Sa,Neeko,Vi,Milio,Heimerdinger,Rakan,,,,,,1592,0,5,2,3,10,18,,,,,,0,,,0.3769,1.0553,,,,,,,,,,,,,,,,,,,,,,,,,,,,,,,,,,11739,442.4246,0.245083,356.7588,,23,0.8668,12,0.4523,4,39,1.4698,12986,9463,356.6457,0.320416,12809,,,288,268,20,16,4,10.8543,,,,,,,,,,,,,,,,,,,,,,,,,,,,,,,,,,,,,,,,,,,,,,,,,,,,,,,,,,,,
C:\Users\Ricky Won\Documents\Cursor\lolfa\data\2023.csv:86446:10336-10336_game_2,partial,https://lpl.qq.com/es/stats.shtml?bmid=10336,LPL,2023,Summer,0,2023-07-02 07:59:33,2,13.12,9,Red,bot,Lwx,oe:player:ce76a8fc639b0cc96da48c76bc0bbeb,FunPlus Phoenix,oe:team:33d17f3717f58e12a3da80b377221fb,Aphelios,Neeko,Vi,LeBlanc,Heimerdinger,Milio,,,,,,1442,0,2,4,3,8,23,,,,,,0,,,0.3329,1.2899,,,,,,,,,,,,,,,,,,,,,,,,,,,,,,,,,,9820,408.5992,0.247743,477.0042,,6,0.2497,2,0.0832,0,9,0.3745,8618,5401,224.7295,0.229353,8570,,,178,175,3,3,0,7.4064,,,,,,,,,,,,,,,,,,,,,,,,,,,,,,,,,,,,,,,,,,,,,,,,,,,,,,,,,,,,
C:\Users\Ricky Won\Documents\Cursor\lolfa\data\2023.csv:88925:10344-10344_game_1,partial,https://lpl.qq.com/es/stats.shtml?bmid=10344,LPL,2023,Summer,0,2023-07-05 07:16:33,1,13.12,4,Blue,bot,Lwx,oe:player:ce76a8fc639b0cc96da48c76bc0bbeb,FunPlus Phoenix,oe:team:33d17f3717f58e12a3da80b377221fb,Aphelios,Rakan,Jayce,Vi,Rell,Ornn,,,,,,1797,0,0,4,3,9,17,,,,,,0,,,0.3005,0.8681,,,,,,,,,,,,,,,,,,,,,,,,,,,,,,,,,,8521,284.5075,0.183616,378.3639,,8,0.2671,9,0.3005,1,30,1.0017,10917,6976,232.9215,0.197017,10400,,,267,241,26,23,0,8.9149,,,,,,,,,,,,,,,,,,,,,,,,,,,,,,,,,,,,,,,,,,,,,,,,,,,,,,,,,,,,
C:\Users\Ricky Won\Documents\Cursor\lolfa\data\2023.csv:88978:10344-10344_game_2,partial,https://lpl.qq.com/es/stats.shtml?bmid=10344,LPL,2023,Summer,0,2023-07-05 08:07:59,2,13.12,9,Red,bot,Lwx,oe:player:ce76a8fc639b0cc96da48c76bc0bbeb,FunPlus Phoenix,oe:team:33d17f3717f58e12a3da80b377221fb,Kai'Sa,Rakan,LeBlanc,Tristana,Varus,Milio,,,,,,1413,0,2,5,3,9,22,,,,,,0,,,0.3822,1.3163,,,,,,,,,,,,,,,,,,,,,,,,,,,,,,,,,,13953,592.4841,0.268803,541.0616,,6,0.2548,7,0.2972,0,16,0.6794,9333,6175,262.2081,0.240704,8724,,,238,234,4,0,0,10.1062,,,,,,,,,,,,,,,,,,,,,,,,,,,,,,,,,,,,,,,,,,,,,,,,,,,,,,,,,,,,
C:\Users\Ricky Won\Documents\Cursor\lolfa\data\2023.csv:92566:10357-10357_game_1,partial,https://lpl.qq.com/es/stats.shtml?bmid=10357,LPL,2023,Summer,0,2023-07-09 09:25:09,1,13.12,9,Red,bot,Lwx,oe:player:ce76a8fc639b0cc96da48c76bc0bbeb,FunPlus Phoenix,oe:team:33d17f3717f58e12a3da80b377221fb,Kai'Sa,Poppy,Jayce,LeBlanc,Xayah,Heimerdinger,,,,,,1516,1,6,0,8,19,6,,,,,,0,,,0.7520,0.9894,,,,,,,,,,,,,,,,,,,,,,,,,,,,,,,,,,20106,795.7520,0.320888,334.7889,,19,0.7520,8,0.3166,2,39,1.5435,13382,10014,396.3325,0.268416,11320,,,254,238,16,8,4,10.0528,,,,,,,,,,,,,,,,,,,,,,,,,,,,,,,,,,,,,,,,,,,,,,,,,,,,,,,,,,,,
C:\Users\Ricky Won\Documents\Cursor\lolfa\data\2023.csv:92609:10357-10357_game_2,partial,https://lpl.qq.com/es/stats.shtml?bmid=10357,LPL,2023,Summer,0,2023-07-09 10:09:41,2,13.12,4,Blue,bot,Lwx,oe:player:ce76a8fc639b0cc96da48c76bc0bbeb,FunPlus Phoenix,oe:team:33d17f3717f58e12a3da80b377221fb,Kai'Sa,Poppy,Jayce,Neeko,Sejuani,Heimerdinger,,,,,,1972,0,5,5,7,13,19,,,,,,0,,,0.3955,0.9736,,,,,,,,,,,,,,,,,,,,,,,,,,,,,,,,,,29104,885.5172,0.369415,525.2738,,25,0.7606,13,0.3955,3,46,1.3996,14859,10561,321.3286,0.292385,14494,,,323,299,24,20,0,9.8276,,,,,,,,,,,,,,,,,,,,,,,,,,,,,,,,,,,,,,,,,,,,,,,,,,,,,,,,,,,,
C:\Users\Ricky Won\Documents\Cursor\lolfa\data\2023.csv:92650:10357-10357_game_3,partial,https://lpl.qq.com/es/stats.shtml?bmid=10357,LPL,2023,Summer,0,2023-07-09 11:01:09,3,13.12,9,Red,bot,Lwx,oe:player:ce76a8fc639b0cc96da48c76bc0bbeb,FunPlus Phoenix,oe:team:33d17f3717f58e12a3da80b377221fb,Xayah,Poppy,Jayce,LeBlanc,Rell,Wukong,,,,,,1652,0,0,5,4,8,19,,,,,,0,,,0.2906,0.9806,,,,,,,,,,,,,,,,,,,,,,,,,,,,,,,,,,9805,356.1138,0.220627,551.6949,,9,0.3269,10,0.3632,1,26,0.9443,9340,5694,206.8039,0.208212,8870,,,250,238,12,12,0,9.0799,,,,,,,,,,,,,,,,,,,,,,,,,,,,,,,,,,,,,,,,,,,,,,,,,,,,,,,,,,,,
C:\Users\Ricky Won\Documents\Cursor\lolfa\data\2023.csv:94769:10365-10365_game_1,partial,https://lpl.qq.com/es/stats.shtml?bmid=10365,LPL,2023,Summer,0,2023-07-12 09:15:24,1,13.12,4,Blue,bot,Lwx,oe:player:ce76a8fc639b0cc96da48c76bc0bbeb,FunPlus Phoenix,oe:team:33d17f3717f58e12a3da80b377221fb,Varus,Poppy,Jayce,Ahri,Xayah,Nautilus,,,,,,1895,1,6,1,8,18,5,,,,,,0,,,0.5699,0.7282,,,,,,,,,,,,,,,,,,,,,,,,,,,,,,,,,,26517,839.5884,0.331276,397.4565,,24,0.7599,11,0.3483,3,53,1.6781,15502,11361,359.7150,0.283498,12895,,,335,290,45,35,4,10.6069,,,,,,,,,,,,,,,,,,,,,,,,,,,,,,,,,,,,,,,,,,,,,,,,,,,,,,,,,,,,
C:\Users\Ricky Won\Documents\Cursor\lolfa\data\2023.csv:94810:10365-10365_game_2,partial,https://lpl.qq.com/es/stats.shtml?bmid=10365,LPL,2023,Summer,0,2023-07-12 10:06:45,2,13.12,9,Red,bot,Lwx,oe:player:ce76a8fc639b0cc96da48c76bc0bbeb,FunPlus Phoenix,oe:team:33d17f3717f58e12a3da80b377221fb,Xayah,Poppy,Kai'Sa,Vi,Ashe,Jinx,,,,,,1936,1,6,3,8,23,13,,,,,,1,,,0.7128,1.1157,,,,,,,,,,,,,,,,,,,,,,,,,,,,,,,,,,22645,701.8079,0.262649,415.1963,,9,0.2789,12,0.3719,2,26,0.8058,15254,11029,341.8079,0.24844,13749,,,321,285,36,27,0,9.9483,,,,,,,,,,,,,,,,,,,,,,,,,,,,,,,,,,,,,,,,,,,,,,,,,,,,,,,,,,,,
C:\Users\Ricky Won\Documents\Cursor\lolfa\data\2023.csv:97498:10373-10373_game_1,partial,https://lpl.qq.com/es/stats.shtml?bmid=10373,LPL,2023,Summer,0,2023-07-15 07:18:18,1,13.12,9,Red,bot,Lwx,oe:player:ce76a8fc639b0cc96da48c76bc0bbeb,FunPlus Phoenix,oe:team:33d17f3717f58e12a3da80b377221fb,Jinx,Poppy,Kai'Sa,LeBlanc,Rakan,Nocturne,,,,,,1531,1,4,1,9,16,6,,,,,,0,,,0.6270,0.8622,,,,,,,,,,,,,,,,,,,,,,,,,,,,,,,,,,18946,742.4951,0.342639,404.4807,,10,0.3919,10,0.3919,2,26,1.0189,12544,9145,358.3932,0.266788,11320,,,244,236,8,8,0,9.5624,,,,,,,,,,,,,,,,,,,,,,,,,,,,,,,,,,,,,,,,,,,,,,,,,,,,,,,,,,,,
C:\Users\Ricky Won\Documents\Cursor\lolfa\data\2023.csv:97517:10373-10373_game_2,partial,https://lpl.qq.com/es/stats.shtml?bmid=10373,LPL,2023,Summer,0,2023-07-15 08:07:42,2,13.12,4,Blue,bot,Lwx,oe:player:ce76a8fc639b0cc96da48c76bc0bbeb,FunPlus Phoenix,oe:team:33d17f3717f58e12a3da80b377221fb,Kai'Sa,Poppy,Azir,Vi,Ornn,Braum,,,,,,1470,1,6,2,10,20,8,,,,,,0,,,0.8163,1.1429,,,,,,,,,,,,,,,,,,,,,,,,,,,,,,,,,,13611,555.5510,0.237426,436.0000,,19,0.7755,4,0.1633,2,30,1.2245,13915,10641,434.3265,0.274624,11219,,,252,236,16,12,0,10.2857,,,,,,,,,,,,,,,,,,,,,,,,,,,,,,,,,,,,,,,,,,,,,,,,,,,,,,,,,,,,
C:\Users\Ricky Won\Documents\Cursor\lolfa\data\2023.csv:131806:10640-10640_game_1,partial,https://lpl.qq.com/es/stats.shtml?bmid=10640,DCup,2023,,0,2023-12-27 05:34:44,1,13.24,9,Red,bot,Lwx,oe:player:ce76a8fc639b0cc96da48c76bc0bbeb,Royal Never Give Up,oe:team:73f3126d91d35faa5d5ce34abadb865,Varus,Jax,Nocturne,Samira,Milio,Tristana,,,,,,1925,1,7,0,4,19,5,,,,,,0,,,0.5922,0.7481,,,,,,,,,,,,,,,,,,,,,,,,,,,,,,,,,,21324,664.6442,0.323578,338.8987,,15,0.4675,14,0.4364,4,53,1.6519,16487,12284,382.8779,0.278893,13554,,,356,336,20,12,0,11.0961,,,,,,,,,,,,,,,,,,,,,,,,,,,,,,,,,,,,,,,,,,,,,,,,,,,,,,,,,,,,
C:\Users\Ricky Won\Documents\Cursor\lolfa\data\2023.csv:131830:10642-10642_game_1,partial,https://lpl.qq.com/es/stats.shtml?bmid=10642,DCup,2023,,0,2023-12-27 07:04:41,1,13.24,9,Red,bot,Lwx,oe:player:ce76a8fc639b0cc96da48c76bc0bbeb,Royal Never Give Up,oe:team:73f3126d91d35faa5d5ce34abadb865,Lucian,Nocturne,Vi,Rumble,Jax,Orianna,,,,,,1523,1,0,2,1,5,4,,,,,,0,,,0.1970,0.3546,,,,,,,,,,,,,,,,,,,,,,,,,,,,,,,,,,12050,474.7209,0.263183,434.9311,,9,0.3546,6,0.2364,1,23,0.9061,10319,6936,273.2502,0.214969,10095,,,256,244,12,8,0,10.0854,,,,,,,,,,,,,,,,,,,,,,,,,,,,,,,,,,,,,,,,,,,,,,,,,,,,,,,,,,,,
C:\Users\Ricky Won\Documents\Cursor\lolfa\data\2023.csv:131861:10645-10645_game_1,partial,https://lpl.qq.com/es/stats.shtml?bmid=10645,DCup,2023,,0,2023-12-27 09:15:12,1,13.24,4,Blue,bot,Lwx,oe:player:ce76a8fc639b0cc96da48c76bc0bbeb,Royal Never Give Up,oe:team:73f3126d91d35faa5d5ce34abadb865,Ezreal,Akali,Ashe,Nocturne,LeBlanc,Orianna,,,,,,2158,1,9,3,8,22,17,,,,,,0,,,0.6117,1.0843,,,,,,,,,,,,,,,,,,,,,,,,,,,,,,,,,,50921,1415.7831,0.448449,683.6330,,15,0.4171,9,0.2502,3,37,1.0287,19593,14915,414.6895,0.314231,17692,,,373,344,29,28,1,10.3707,,,,,,,,,,,,,,,,,,,,,,,,,,,,,,,,,,,,,,,,,,,,,,,,,,,,,,,,,,,,
C:\Users\Ricky Won\Documents\Cursor\lolfa\data\2023.csv:131890:10647-10647_game_1,partial,https://lpl.qq.com/es/stats.shtml?bmid=10647,DCup,2023,,0,2023-12-27 10:49:08,1,13.24,9,Red,bot,Lwx,oe:player:ce76a8fc639b0cc96da48c76bc0bbeb,Royal Never Give Up,oe:team:73f3126d91d35faa5d5ce34abadb865,Kalista,Ashe,Viktor,Twitch,Olaf,Malphite,,,,,,1479,1,8,1,10,35,12,,,,,,0,,,1.4199,1.9067,,,,,,,,,,,,,,,,,,,,,,,,,,,,,,,,,,24181,980.9736,0.227076,695.3753,,8,0.3245,3,0.1217,0,17,0.6897,12556,9263,375.7809,0.241405,11205,,,201,189,12,4,4,8.1542,,,,,,,,,,,,,,,,,,,,,,,,,,,,,,,,,,,,,,,,,,,,,,,,,,,,,,,,,,,,
C:\Users\Ricky Won\Documents\Cursor\lolfa\data\2023.csv:132082:10659-10659_game_1,partial,https://lpl.qq.com/es/stats.shtml?bmid=10659,DCup,2023,,0,2023-12-31 09:36:18,1,13.24,9,Red,bot,Lwx,oe:player:ce76a8fc639b0cc96da48c76bc0bbeb,Royal Never Give Up,oe:team:73f3126d91d35faa5d5ce34abadb865,Lucian,Ashe,Kalista,Jax,Caitlyn,Varus,,,,,,1314,0,0,2,1,3,16,,,,,,0,,,0.1370,0.8676,,,,,,,,,,,,,,,,,,,,,,,,,,,,,,,,,,13093,597.8539,0.331831,549.8630,,8,0.3653,9,0.4110,1,26,1.1872,6867,3911,178.5845,0.252831,6470,,,182,182,0,0,0,8.3105,,,,,,,,,,,,,,,,,,,,,,,,,,,,,,,,,,,,,,,,,,,,,,,,,,,,,,,,,,,,
C:\Users\Ricky Won\Documents\Cursor\lolfa\data\2023.csv:132089:10659-10659_game_2,partial,https://lpl.qq.com/es/stats.shtml?bmid=10659,DCup,2023,,0,2023-12-31 10:17:43,2,13.24,4,Blue,bot,Lwx,oe:player:ce76a8fc639b0cc96da48c76bc0bbeb,Royal Never Give Up,oe:team:73f3126d91d35faa5d5ce34abadb865,Xayah,Ashe,LeBlanc,Kalista,Milio,Rakan,,,,,,1975,1,1,4,6,16,15,,,,,,0,,,0.4861,0.9418,,,,,,,,,,,,,,,,,,,,,,,,,,,,,,,,,,14521,441.1443,0.186705,617.4987,,12,0.3646,3,0.0911,1,19,0.5772,13490,9185,279.0380,0.229882,11579,,,344,315,29,28,2,10.4506,,,,,,,,,,,,,,,,,,,,,,,,,,,,,,,,,,,,,,,,,,,,,,,,,,,,,,,,,,,,
C:\Users\Ricky Won\Documents\Cursor\lolfa\data\2023.csv:132106:10659-10659_game_3,partial,https://lpl.qq.com/es/stats.shtml?bmid=10659,DCup,2023,,0,2023-12-31 11:10:34,3,13.24,9,Red,bot,Lwx,oe:player:ce76a8fc639b0cc96da48c76bc0bbeb,Royal Never Give Up,oe:team:73f3126d91d35faa5d5ce34abadb865,Kai'Sa,Ashe,Kalista,Jax,Milio,Rakan,,,,,,1129,0,0,4,1,2,12,,,,,,0,,,0.1063,0.7440,,,,,,,,,,,,,,,,,,,,,,,,,,,,,,,,,,4591,243.9858,0.168688,517.9982,,6,0.3189,3,0.1594,1,13,0.6909,5521,2942,156.3508,0.209245,5400,,,138,138,0,0,0,7.3339,,,,,,,,,,,,,,,,,,,,,,,,,,,,,,,,,,,,,,,,,,,,,,,,,,,,,,,,,,,,
C:\Users\Ricky Won\Documents\Cursor\lolfa\data\2023.csv:132113:10659-10659_game_4,partial,https://lpl.qq.com/es/stats.shtml?bmid=10659,DCup,2023,,0,2023-12-31 11:48:06,4,13.24,4,Blue,bot,Lwx,oe:player:ce76a8fc639b0cc96da48c76bc0bbeb,Royal Never Give Up,oe:team:73f3126d91d35faa5d5ce34abadb865,Senna,Ashe,LeBlanc,Kalista,Vi,Aatrox,,,,,,1626,0,0,5,6,11,19,,,,,,0,,,0.4059,1.1070,,,,,,,,,,,,,,,,,,,,,,,,,,,,,,,,,,8742,322.5830,0.144455,411.9188,,25,0.9225,20,0.7380,2,67,2.4723,7762,4169,153.8376,0.156321,7080,,,66,61,5,0,0,2.4354,,,,,,,,,,,,,,,,,,,,,,,,,,,,,,,,,,,,,,,,,,,,,,,,,,,,,,,,,,,,
